sem_dens,demand,s_perph,s_num,conc,val,w_freq,c_div
-0.08674143433441894,-0.28266670027540475,0.02688042509131247,0,0.46335027025986486,0.20880785285565828,8.16731006920434e-06,0.014147728681564331
-0.09929381045827301,-0.28266670027540475,-0.013516314560459264,-3,-0.26906975648537124,-0.14501870253404903,-0.00011161990427912597,0.05035066604614258
-0.11539908972907031,-0.28266670027540475,-0.0856349117430317,-2,-0.2656278483407948,-0.290982095721934,7.259831172626083e-06,-0.2030502816130066
-0.07257970541502923,-0.08781954887218058,0.09274836124488733,3,-0.26012650635367907,-0.05242435232450671,3.539167696655214e-05,0.056867629289627075
-0.027744321877996914,0.3372932330827067,0.007216205817069721,0,0.04438596262642802,0.6911389424060816,2.72243668973478e-06,0.04097665
0.021258685690718315,-0.28266670027540475,-0.03636943910620499,-1,-0.23791258094009748,-0.2928082418031437,0.00014065922896955226,-0.057947397232055664
-0.014440948227089745,-0.7451127819548871,0.007476927233092012,0,0.06767812635999615,0.07744208604208502,1.8149577931565206e-05,-0.11853159000000002
0.03898464517460576,-0.2392648287385129,-0.016292109958983114,-2,-0.39875463662692345,-0.13228937512071948,-9.34703263475608e-05,-0.09658030070541379
-0.05037298956027303,-0.20222222222222222,0.08997250976180915,0,-0.5704771597712455,-0.8218825833793204,2.4501930207612992e-05,-0.0713231581874848
-0.012625061408807148,-0.5682706766917293,0.1687097937041567,1,-0.42702213207360096,-0.026066641136557323,0.00011706477765853921,0.09541946000000001
0.05479850578493406,-0.4389306599832915,0.1055416266129745,0,-0.18354737801822552,0.5684536826628088,-5.44487337946956e-06,0.014788929999999978
0.029042853798842083,0.07669172932330824,0.0427156474332418,2,0.7656779597918311,-0.3481225056639472,4.537394482891296e-06,-0.07720395922660822
0.012804265749349009,-0.6204511278195489,0.10021796758315624,2,-0.23131064641657728,-0.21433757369932938,-3.539167696646096e-05,-0.058793249999999964
-0.03770302617884813,-0.07443609022556388,-0.03555767431206194,0,-0.0004357091665672108,0.37458733656237975,3.266924027681733e-05,0.002099249999999997
-0.10386815793218274,-0.28266670027540475,0.07851032671029134,2,-0.7912535955162192,-0.5483643031335301,0.00014519662345252162,0.12331661292228696
-0.0004001280508758587,0.12820384294068504,-0.03022706697924879,0,-0.3204873355274316,0.3066682900527482,4.174402924259997e-05,0.023215779999999964
-0.051777304415558834,0.5678195488721804,0.017640561337302962,0,0.09321791767468124,-0.10758977650952684,0.00010889746758939121,0.05835452675819397
-0.00440468178565645,-0.4771929824561403,0.13391059122288787,4,-0.05117098097934525,-0.5342584630051093,0.00014247418676278687,0.11157876253128046
-0.03234536428858881,-0.020601503759398454,0.00963307665783597,0,0.14378879945620193,-0.5025119142706362,7.25983117262608e-06,0.033945329999999996
-0.03439469253554894,-0.28266670027540475,-0.006505701876494796,0,-0.08242125763053876,-0.02922112734820992,9.982267862360858e-06,0.027173969999999992
0.0027737331206498794,-0.28266670027540475,0.011926396144155665,-1,-0.37915387283490753,0.4088003711872972,-4.537394482890427e-05,-0.0773424506187439
-0.03994905524613035,-0.470375939849624,0.16911305784737074,6,-0.29142768762714777,0.1445972543869134,5.263377600153909e-05,0.02080303787681581
0.011050389991701826,-0.28266670027540475,-0.012882859754639986,0,0.2649969689660088,0.31622901638190637,0.00024955669655883915,0.028822808091812202
0.05267377650476002,-0.07067669172932331,-0.11551422768155062,1,0.7712042523763758,0.03765394540668687,5.4448733794695665e-06,0.03569474816322321
0.05240818171257977,-0.8098579782790309,-0.08673617668666775,-1,0.013694409677730501,1.2919441720132805,-0.00014519662345242177,-0.022978900000000024
0.038469070889419754,-0.07209690893901426,0.1037114975353105,2,-0.06021969628154933,0.028031609731720586,4.174402924255225e-05,-0.06664078000000001
-0.03587470647699276,-0.8063157894736841,0.09531196343916631,-2,-0.8827318057289713,0.1027320135058245,0.00010617503089965644,0.019541293382644653
0.010321224178686306,-0.42553049289891387,0.07753100587989656,1,0.28361145185565917,0.08850455160061887,1.9964535724721733e-05,0.04659992544158931
-0.04324660465574037,0.55796992481203,0.11634585266557201,4,0.22208344460400875,-0.08872233043550715,9.165536855440426e-05,-0.0966934859752655
0.01466936875320446,-0.10015037593984961,-0.08264882188182437,1,0.00534634111369936,0.9273556795042772,-7.713570620915215e-05,-0.09636926651000977
-0.09430896878421025,-0.09398496240601506,0.15695417623415042,2,-0.3152022839857569,0.09244374713407133,2.1779493517878246e-05,-0.14262712
0.08800664467296648,-0.28266670027540475,-0.05837050787174963,0,-0.7710638361960047,0.5618772380482877,2.5409409104191286e-05,0.040625330000000015
-0.014639795958828472,-0.10676691729323307,0.16004168295564233,2,-0.9411559738158495,-0.4390904415255221,6.170856496732168e-05,0.045496076345443726
-0.049919712858517484,0.1011305391906896,0.054904220521900304,-2,0.23906646766778072,-0.3218949455838338,-7.895066400230864e-05,-0.17225947994125373
-0.05358473313151746,-0.7950375939849624,-0.032298178592072374,-1,-0.6428087087823329,-0.3793224669466282,-1.9057056828147823e-05,-0.08981517
0.03305050079491656,-0.966031746031746,-0.02911722167235957,1,-0.6629560053608392,-0.3793570068403449,-0.0001279545244174348,-0.04010226
-0.010457325187407718,-0.3834586466165415,0.045462672103045,2,-0.018598157228941314,-0.26799603315664466,-5.1726297104960845e-05,-0.1112068622177887
-0.11327798089855357,0.28210526315789475,0.05601962957563361,-1,-0.2800999792822272,-0.7471210590726383,-1.9964535724647777e-05,0.02607903046081539
-0.048750512918468214,0.26,0.02157660621915708,0,0.9166216108050191,-0.3479361524020508,-1.996453572472172e-05,0.05114591000000002
-0.03453606140315013,-0.28266670027540475,-0.02833995166356934,1,0.08777312513678437,1.6565990643030215,-1.5427141241830426e-05,-0.06059846135398872
-0.10089737209278338,-0.30601503759398496,0.1886649763238391,4,-0.41219838229309147,-0.2900216313394308,0.00029402316249116524,-0.03465826616325379
0.05072225697858945,-0.28266670027540475,0.04726557216110347,3,-0.31862467749241263,0.48999201846396634,0.00014519662345252162,-0.0385795572118377
-0.0730543138727282,-0.28266670027540475,0.0646873474723692,1,-0.38209077775231703,-0.03208828314689338,9.0747889657826e-06,-0.011312344122695939
0.09796457712942741,-0.22389306599832917,-0.2537902873928962,-5,-0.2248196038590513,0.041872913218701235,-0.00037932617876963905,0.006489907176132181
-0.1422692673478012,-0.10030075187969933,0.05758658097577962,0,-0.6063695680372394,0.15052945912319515,-7.259831172624788e-05,0.09038516879081726
-0.09341772403082449,-0.5868671679197994,0.3214652610096254,4,-0.43511610261036804,0.4334646115984304,0.00010980494648596948,0.1412672996520996
-0.09920452768464194,-0.7940183792815371,0.11737240835837592,0,-0.33142494296015634,0.04621417235930014,-1.5427141241800143e-05,0.03385314359474184
-0.10735773349500033,-0.28266670027540475,-0.023245960786711206,-1,-0.032307776348016404,0.023207365565535376,1.8149577931565233e-06,0.030139512757301395
-0.005253678227764902,-0.4942857142857143,-0.1374755806577462,1,-0.27231271999636153,0.023785468434591728,5.44487337946956e-06,0.0171009614609528
0.06676964574809174,-0.1648621553884712,-0.0994695444750858,1,-0.15270144128575813,1.6518020572043244,4.5373944828913e-06,-0.008033100000000015
-0.018930043344239644,0.6321804511278194,0.109811583408852,-1,-0.23868815189751125,-0.14191618106677417,-6.35235227604782e-06,-0.010722969999999998
0.02761695833687028,-0.6579782790309106,-0.09115518268757954,2,-0.43320708559510734,-0.20345607897990092,0.00010617503089965642,-0.07745565999999998
-0.06001198548432618,0.2218045112781955,0.02061121273043534,-2,-0.05675000142840814,-0.2232903835508715,-3.629915586313041e-05,0.03315290780578606
-0.03702994980354413,-0.7543525480367586,0.18376022116336538,0,0.17665436140250046,-0.4932572772038748,1.2704704552095646e-05,-0.04715663194656372
0.0005233614049588997,-0.22038429406850457,-0.019699493311470417,-1,-0.16092183404256843,0.24680953304899678,-4.5373944828913e-06,-0.026549489999999953
-0.06939087197303428,-0.2598997493734336,-0.030159437134909095,-3,-0.2625086004486552,0.5046081642164015,-8.711797407151297e-05,-0.0879920308036804
-0.046164857135858384,-0.28266670027540475,0.09479586499340431,1,0.33681262256687994,-0.7456980721031545,5.717117048443039e-05,-0.09122201800346369
0.029548768095603584,0.3054302422723475,0.03479309007001133,1,0.09242712575566259,0.2484771523830629,3.4484198069956504e-05,-0.00629080502967827
-0.22052799710568938,-0.28266670027540475,0.31406408224736526,3,-0.7884644578814393,-0.04551183256405,0.0001270470455208913,-0.21129910500770568
-0.050145788284442605,-0.31089953599728026,0.07525358573934418,-2,0.6234005705147987,0.08304365079363585,-0.0001778658637293,-0.1303627490997315
0.05384930823979506,-0.030994152046783574,0.03550908319030471,2,0.11145234693829709,0.7781815080049874,3.539167696655214e-05,-0.012346327304840088
0.0039935955588012995,-0.675488721804511,-0.04308484526791362,-1,-0.3886821929998763,0.92827403242402,-0.00012795452441748259,-0.07944027000000004
0.01951476119698259,-0.28266670027540475,0.024942911755044733,1,-0.9209477379488331,0.00845193588797688,2.8131845793926052e-05,0.0440230667591095
0.018191500829438212,-0.41807852965747694,0.01435083733457801,-3,-0.42816318888606686,1.0713733471171984,-2.7224366897347802e-05,0.03723534941673279
0.021776700089218726,-0.47216374269005845,0.002010854387699851,1,-0.4377872817469206,-1.4577593232368633,0.00011615729876201729,0.04617235064506531
-0.02952793898804673,-0.9787086764530375,0.12661394898602407,5,0.0987719091715249,0.6002071731388616,0.0001769583848327391,-0.06114998951797479
-0.014681094925595883,-0.04143692564745196,-0.009657864330960164,0,-0.012683771870275695,-0.5007392197701579,-6.352352276046516e-05,-0.04613855008354195
-0.08944903615963473,-0.28266670027540475,0.14084074547303457,2,-0.02252947895412971,-0.515328566952328,5.081881820838255e-05,0.042720258235931396
-0.07292165014838548,0.5977443609022557,0.08723126918896185,2,0.9743048927761908,-0.6396996265054664,2.5409409104191252e-05,-0.10437247157096863
0.06991351038724025,-0.33906432748538007,-0.07146573135701029,-1,-0.4428944600144238,-0.08694473623376897,-6.6245959450213e-05,0.0428086519241333
-0.06719945650963755,-1.133533834586466,-0.009797353544336584,0,-0.20560945477504378,-0.03251828657179079,6.715343834671307e-05,-0.06939827999999998
-0.10982929512988215,0.32314118629908106,0.28574983944729704,3,0.5621248904977985,-0.30924440466697867,9.0747889657826e-05,0.13747090101242065
-0.002966469543781991,0.6216541353383457,0.0181475565719198,0,-0.06416345126253553,0.22371665567795418,1.9964535724721733e-05,-0.10784912000000002
-0.003495276029039207,-0.08269005847953215,-0.06704373755211115,1,0.34522654070606906,-0.352501424390522,3.62991558631304e-06,-0.06621160999999998
0.05331482294120227,-0.601938178780284,-0.07640544377145222,1,-0.10950601489894263,1.1644382496351984,-2.359445131103476e-05,-0.02013870000000001
0.01631552859008223,-0.12393125671321163,-0.02445294932897657,0,0.05668567292751581,0.9624914673638374,0.00011524981986536087,0.03539948999999998
0.0028630005215666277,0.2330994152046783,-0.06635882963692644,0,-0.19900522320536407,0.8386782810731219,-6.987587503652604e-05,-0.011433819999999983
0.05915019235194796,-0.12690058479532162,0.054127842041365615,1,-0.0536399210220746,-0.10736196412420806,-8.167310069204346e-06,-0.06354752122230528
-0.05369307346180241,-0.09847953216374267,0.15543767625602947,2,-0.14666506883448038,-0.7469150928711032,2.450193020761302e-05,-0.08678692579269404
-0.008904223943307699,0.22015037593984968,-0.052833521101702585,0,-0.21835706682318712,-0.3124578690531461,-1.1797225655517386e-05,-0.1425898671150207
-0.03330730087087419,-1.1427067669172932,-0.011838416595358586,1,-0.07158436810607016,-0.12275613953294151,1.81495779315652e-06,0.018665825223770194
0.058480084765622276,-0.28266670027540475,-0.017357598590621443,1,-0.2304608601904108,0.5509870016380569,1.8149577931565131e-06,0.0583648981982422
0.0005965783664972912,-0.28266670027540475,0.17636932974275343,1,-0.406207583562066,1.0390600818782199,-6.806091724336951e-05,0.034783537459869396
-0.030408330572223696,0.277109440267335,-0.05854782396288433,-1,0.02029617357021607,0.09323761908747485,1.6334620138408693e-05,0.08498669005950926
-0.028985983588315722,-0.1542857142857143,0.1178220374092134,1,-0.34630137016800866,-0.11100601796531695,0.000138844271176461,-0.022757979847488397
-0.06514179692321265,-0.9995154553049289,0.039415968343051555,-1,-0.23904383696663167,0.11527155991216897,0.00021507249848898264,-0.025956836836471486
-0.04898380029334992,-0.5902255639097744,0.04012100962426579,2,-0.17929793466174582,-0.07467872095386774,5.7171170484430364e-05,0.07041573524475103
-0.08332020837810716,0.16015037593984982,0.008475690835974603,0,0.10970994974390891,0.7624996739509009,3.448419806997387e-05,-0.03555800999999997
-0.03557809305779658,-0.28266670027540475,-0.06474323152229539,-1,-0.058487042614466134,-0.11412818530952329,1.81495779315652e-06,-0.06818607449531561
-0.045200676997011024,-0.28266670027540475,-0.0738446873860868,-3,0.39026051231546033,-0.06684585954798461,-0.00010889746758939122,-0.056330680847168024
-0.159490250534294,-0.28266670027540475,0.07419842834401114,0,0.3908982126277656,-0.30362072049768685,4.8096381518613056e-05,-0.14839920212326052
0.025319686217573523,-0.5792481203007519,0.011250359697523415,0,-0.4961914124453948,1.8452553105168046,4.3558987035739104e-05,-0.0031483468997192676
-0.03741013297692963,0.021904761904761927,0.09237021452572672,3,-0.40302143833364745,-0.22512978848986354,0.000446479617116287,0.11976039879791261
-0.06828479538548204,-0.45398496240601505,0.057545593046048726,0,-0.40453219745078073,0.09924818789883183,1.81495779315652e-05,-0.030346482992172297
-0.04753393395883654,-0.28266670027540475,-0.06077425606427772,-2,-0.04739167966475932,-0.884323765019607,-6.35235227604782e-06,0.046168146491928075
-0.04404596145096318,-0.28266670027540475,0.05589697688066403,0,0.13253306482840843,0.17237041578824552,1.542714124183042e-05,-0.0608249923607635
0.019960097713499603,-0.30090225563909767,0.12199110761506735,1,0.18510122541254104,-0.4213516693570094,9.34703263474696e-05,-0.022681773824920592
-0.004483443976502577,-0.06372180451127818,-0.18743828481799757,-2,0.26368979456899666,0.09788684354314547,-0.0002586314855247347,-0.024620413780212402
0.008480255270762571,-0.06721804511278191,-0.022738162282900348,-1,-0.13003012676474102,-0.25767093481024084,-4.355898703575649e-05,0.008977832191467305
0.00036575123212001515,-1.0066165413533832,-0.060421366727610504,-1,-0.2709164315883399,0.9743811239148075,-0.00019783039945405216,0.009557270000000007
-0.07562048386181242,0.007518796992481369,0.23486047120926096,1,-0.6012392106577775,-0.20763166354165197,0.0001506414968320651,-0.02282915999999996
0.08169553503463989,-0.25969924812030065,-0.023901945163233074,3,0.30747064650229516,-0.09730146295682385,6.35235227604782e-05,-0.12317383289337158
0.01918407373483455,-0.7275187969924812,0.06757637882083323,0,-0.5127406009597073,1.2429221260836627,-1.81495779315652e-06,-0.03926902999999998
-0.009048671720410462,-0.8004678362573099,-0.11603949172755226,0,-0.8168808079249983,0.1111806585325894,3.357671917346086e-05,-0.12167298999999998
-0.057477915255062184,-0.8383082706766917,0.16637258685209388,3,-0.8023201837411236,0.10444777594241828,-9.98226786236956e-06,-0.014210730000000005
0.012391816717807091,-0.47684210526315784,0.1467079439573829,1,-0.9664477949880688,0.2698633870067928,6.533848055355221e-05,0.006784141063690241
-0.054220457602872085,0.5999999999999999,0.03291824895262099,4,-0.5582499342429714,0.025186231976284112,0.00010163763641678254,0.03658669918365476
0.019846303664919795,0.11740601503759394,-0.05091262553535944,2,-0.5474461409336602,-0.11166541567155708,9.98226786235608e-05,-0.05882855750465388
-0.09273161804495444,-0.6183458646616541,0.10587862867184156,-1,-0.26031784444817774,-0.5675531944151873,0.00017423594814302594,0.15609736671524044
-0.033466537397005225,-0.3909774436090226,0.15160195820444358,1,-0.10308401372999665,-1.0668067634087768,8.258057958862167e-05,0.13829969
-0.10957862385135242,0.5284878863826231,0.13219656874477742,1,0.889118724106281,-0.49429245839476366,-2.1779493517878253e-05,-0.08109471066886903
-0.03303141389642572,-0.40680033416875516,-0.12492689006066016,-1,-0.21318783366023064,0.26549675036285336,7.25983117262608e-06,-0.05015203356742859
-0.002280990590069032,-0.44842105263157883,0.027164281022664216,2,0.09430447483039961,-0.5952000072556132,3.992907144944345e-05,0.037177680000000046
0.11298661612681615,-1.286766917293233,-0.2257338963195359,1,0.1323599017042194,0.09474503857630623,1.8149577931565206e-05,-0.09467745
-0.06137946800271288,-0.309172932330827,0.21925070896926968,3,-0.4493832339053081,-0.4792932524433553,0.00018058830041907376,-0.012611776590347235
-0.03882097572635124,0.21819548872180455,0.02474440927574509,1,-0.17019485482301455,0.009657592235812196,9.0747889657826e-06,-0.07412953171997072
0.017394384918189343,-0.5931495405179615,0.004315737142915749,1,-0.13668027434390861,-0.18755030382825844,6.35235227604782e-06,-0.1603235304355622
0.037961569797367534,-0.8342355889724311,-0.005406838192360097,0,-0.024888094982439934,0.2033899252012641,-1.4519662345252146e-05,-0.008448780000000045
0.04421673569386797,-0.3383458646616541,-0.02263286182952573,0,-0.47749425578935645,-0.1499878565577477,2.087201462129998e-05,-0.007898032665252741
0.08739646557765013,-0.2079197994987469,0.08130489932726515,2,-0.015163263171596775,0.5191920125746163,3.6299155863130127e-06,-0.037114199999999986
-0.08542806372983847,-0.7670843776106933,0.16853243826872844,3,-0.5405837254755514,-0.5352954893764652,6.352352276047822e-05,-0.059266858209609974
-0.14853927821659296,0.2897744360902255,0.03004139287863425,0,-0.9812088117178912,-0.48480963395588805,4.809638151864779e-05,0.07370468999999996
-0.06704244233999113,-0.08060150375939856,0.09710612047913769,-1,0.39401737366992506,-0.28738868675838614,-0.0001070825097962347,-0.03087529
-0.007606879338302619,-0.08532999164578112,0.055133678870738334,0,0.22037736918954964,-0.246619033253217,5.354125489813043e-05,-0.06057742238044739
-0.03671977245940783,-0.5130827067669173,0.11133157266288829,2,-0.6181701635490113,-0.33317837217397095,0.00010254511531332603,0.12559828
-0.07390155455837422,-0.28962406015037584,0.05950908461567156,0,-0.026967468684748752,0.17506292769823517,2.359445131103476e-05,0.024109450611724814
-0.03222207098095253,-0.1260651629072681,0.03574126856509044,-1,-0.393014279887677,-0.3178604992118128,-7.25983117262608e-06,0.15929204000000002
-0.015340268434299698,-0.2635254803675856,-0.08530983388157629,1,0.09545111087466207,-0.22908662587526063,1.3612183448673903e-05,-0.03799784183502203
-0.004416124141808697,-0.018746867167919845,-0.1905935746091479,-1,-0.4846405853259581,0.41265622474166186,-8.167310069204353e-06,-0.034874320000000014
0.006497316822271171,-0.7410526315789473,0.06377891591333112,0,-0.35923188722410027,0.9275562009945357,4.0836550346021685e-05,-0.010465259999999976
0.09583712553053947,0.2882706766917293,0.016263265148510203,1,0.41407802596871957,0.49434856159072504,-8.076562179546516e-05,-0.052630216724777246
0.029569655089791813,-0.89203007518797,-0.09560640737256909,0,-0.3192489255366646,-1.041005532632322,-1.724209903498694e-05,0.059194517813873304
-0.030064511141995154,-0.28266670027540475,0.1591370400591024,2,0.9607806966952492,-0.9742051499764686,1.6334620138408666e-05,-0.014058048593902583
-0.07653695384471826,-0.28266670027540475,-0.01220932553780843,-1,1.0876840738268698,-0.5583225443154101,3.62991558631304e-06,-0.1385567404350281
0.013603375125754602,0.5923308270676692,-0.12657991951453887,-1,0.4605445252812457,-0.4630896714607804,1.36121834486739e-05,-0.0015153199999999867
0.032147261068653954,-0.614202172096909,0.17174979709264354,-1,-0.1171475761069396,1.153545206600635,-7.25983117262608e-06,-0.11671432849990848
-0.01089073507687699,0.40075187969924814,-0.06492075449475185,0,1.164663464384295,0.3286147578587961,-0.00012250965103806515,-0.1241961718882752
0.008034405686229706,-0.6353049289891396,-0.02376269437342901,-2,-0.725551563620161,1.0889505829772217,-2.0872014621299966e-05,-0.01563548714134222
-0.004912148089838642,-0.18977443609022557,-0.004749810574072727,1,0.0879034841148334,-0.1651129534550364,4.355898703575649e-05,0.062019234457016015
0.004954774181180621,-0.4095488721804511,0.013657842018632682,2,-0.7484212288232635,1.1526573433165321,7.259831172626081e-05,-0.057138500000000036
0.02326426784415825,-0.28266670027540475,-0.14901716307866825,-1,0.5723666866728867,0.35974959971760256,-2.6316888000769546e-05,-0.06839357110481264
-0.05343134689236084,-1.3726315789473682,0.009859792643457682,1,-0.47242518724829585,0.16934106380114322,3.5391676966552145e-05,0.06827446943435667
0.012608684933310355,0.07147869674185461,-0.03363383517645027,1,-0.10432461363792456,-0.7832333800725975,4.718890262206953e-05,-0.02411368489265442
-0.02144058600012655,-0.28266670027540475,-0.09108562627397776,-1,0.46918294196817456,-0.15287726397399926,-0.00010526755200297829,-0.14891982078552246
0.15598057440775503,-0.12947368421052624,-0.14176699679982036,-1,0.3227431091189823,0.2468843582305844,-6.35235227604782e-05,-0.020999493833847083
-0.029468816136119846,-0.28266670027540475,-0.05023814952079603,-2,-0.3159407744111373,-0.22708976490283117,0.0001270470455208696,-0.13451206661094672
-0.026140188419325416,0.029540517961570534,0.030508596741562755,0,0.07402529187286788,-0.5232682950157868,-1.3612183448673872e-05,-0.00663857000000001
-0.045225449656701944,-0.23052631578947363,0.04032343894854448,1,0.26296114787621816,0.01653032841188029,3.720663475970867e-05,-0.042520105838775635
-0.04980186131297415,-0.7923350041771093,-0.006111539900904184,-3,-0.5960663018548802,-0.39415429478878394,-1.451966234525216e-05,-0.01398119330406189
-0.005164633736016722,-0.1297410192147035,-0.09654406081784575,1,-0.271078090184921,-0.06673003550024514,9.074788965756525e-06,-0.06793773603187558
-0.034212615437162475,-1.0057142857142856,0.024619519956414787,0,-0.4865417293851775,0.5594481133364182,-7.25983117262608e-06,0.07421424866363519
-0.05512727054147615,-0.6476023391812865,0.051123424708619136,0,-0.029584110135968622,0.5794803420722845,-0.00018694065269507393,-0.06328063
-0.022172250377978875,-0.3861654135338346,-0.10859003548496901,1,0.38247856219041854,-0.43800036643432705,3.17617613802391e-05,0.06038221303886421
0.05263976039363516,0.18031746031746038,-0.07888330010799027,-1,0.9324540570658577,0.009638454906861327,2.9039324690504332e-05,0.003694832324981634
0.05654441313656888,0.13082706766917285,-0.08971461039127294,-1,-0.18837573867251178,0.2745961184477341,-5.626369158785214e-05,-0.04665037817268369
-0.020018368385459784,-0.47067669172932325,0.0485734539073053,1,-0.1491886954631796,0.24814278308355586,4.718890262206952e-05,0.015238059999999998
-0.06325161591361694,-0.49909774436090226,0.1384813073117927,0,0.39906989448509655,0.7941235310877497,3.539167696651747e-05,0.06318253000000001
-0.11189205748405118,-0.23301587301587295,-0.06551596551056596,0,0.18674978811106646,-0.7150016561572023,-3.2669240276817365e-05,-0.05680835000000001
-0.03301757114057058,-0.7497744360902254,0.06588663673410575,-3,-0.15222462312896434,0.12399552185044538,-5.172629710496081e-05,-0.00333681702613825
0.05115249511778919,-0.6793316624895572,-0.09081330204614102,0,-0.22062596987570515,-1.0359727173359699,1.36121834486739e-05,-0.07579806691154478
0.031073600192223605,-0.28266670027540475,-0.06574719320752942,0,-0.034814607415130094,0.662195686074166,9.0747889657826e-06,-0.05371012871299741
-0.0963117642021728,-0.11525480367585628,-0.007598552697265976,0,-0.23006259522203143,-0.15967760503962403,2.72243668973478e-05,0.04360703000000005
-0.07047341859096046,-0.28266670027540475,0.12036563665524541,3,-0.7094645930729095,-0.13976189918886828,0.00016062376469435204,0.053894045628662124
-0.03960615485603869,-0.9660150375939849,0.01704081933513918,-2,-0.597126154426924,-0.16786227431137402,-4.900386041522604e-05,-0.026816517114639282
0.03530785280598203,-0.29782790309106116,-0.147823228396727,-1,-0.9671621608991545,0.8393500318607003,8.711797407151298e-05,-0.10715767525756842
0.05787451449455683,-0.5730827067669172,0.114846220240157,2,-0.5762664210284205,0.12222985990735769,4.174402924259996e-05,0.06449636449134821
0.016804481141314165,-0.9678195488721804,-0.06919504414653757,0,-0.41785248183283796,0.7945846955344935,8.167310069204394e-06,-0.16666591167449957
-0.06155567018718,-1.2010526315789474,0.010477547428524248,0,-0.41667186755081564,-0.1339649265205658,0.00018058830041898255,-0.03758355975151062
-0.055631532107531245,-0.3275187969924812,0.04848183307858306,0,0.49921538281036737,0.24232462303598457,-1.905705682814346e-05,0.014378730031509412
-0.13168025478350787,-0.209624060150376,0.04540907228966215,-1,-0.3113767403927459,-0.7080225411228245,8.43955373816957e-05,-0.022966417420806906
-0.017561863573280823,-0.28266670027540475,0.11394382666939207,-2,0.08059963079312871,-0.9756464071802915,-0.00012795452441752173,0.02197882343040458
-0.0013413992122306428,-0.5978947368421053,0.01978718723351125,0,0.22949385263338984,0.08771613126531363,4.3558987035756485e-05,0.035389930009841974
0.11426353528427136,-0.5044110275689222,-0.03593686492025622,0,0.29707658325087305,-0.15012791038843165,-5.71711704843479e-05,0.032118499999999994
-0.0021076220659941303,0.18541353383458642,0.10175023677095346,0,-0.4736957096178118,-0.15373387878517697,2.813184579392606e-05,-0.04704830000000004
0.10785244100381464,-0.40481203007518796,-0.18080159770409043,-3,0.7184911967843131,-0.11696825909230135,-5.989360717416516e-05,-0.01133907151802066
-0.050616167008665,-0.2621052631578947,0.0312978606131237,0,-0.34035601321392583,-0.3047887648293912,2.72243668973478e-06,0.11440118197021493
-0.07966357371632737,0.18153717627401839,0.26215382843014745,1,0.39474957311493464,-0.4265640561861561,7.804318510573036e-05,-0.025507899999999972
0.031109118587311357,-0.28266670027540475,0.16826068469457023,1,0.29767224426115657,-0.009252488622927935,3.62991558631304e-06,0.0019237300000000124
-0.1141002978797182,-0.268671679197995,-0.017675917185535267,1,-0.16807610191703493,0.13686650735157135,4.537394482891301e-05,-0.029381067927169824
-0.17627330324180324,-0.4999999999999999,0.19843485384139845,0,-0.32958993788574986,0.30627062369655533,8.621049517493471e-05,-0.08037442
0.09904411002407465,0.16672932330827062,-0.03835710980229745,-1,-0.03484634750405524,-0.836002337678015,-2.450193020761302e-05,-0.015808194875717163
0.060803658456469845,-0.28266670027540475,0.28893180799259377,4,0.3633646044944703,0.5175680844501738,2.903932469050432e-05,-0.12210807332580564
-0.05778911098875983,-0.09172932330827063,0.028507448878724445,-1,-0.19617852234321065,-0.884002732133295,1.361218344866959e-05,-0.02294106339149482
-0.15586282303852028,-0.9036925647451963,0.03028207620646739,1,-0.7158426380614196,0.23002536049271072,0.00010436007310649992,-0.0341512283392334
-0.016450521867091505,-0.14721804511278186,-0.048137255667989126,1,0.01210567488886305,0.547710502658945,0.0,-0.017549335956573486
-0.08512564535806011,0.04180451127819547,0.053682368310235706,-1,-0.06681874311434166,0.25020062301277335,6.443100165705647e-05,0.05471494793891901
-0.11405102871600459,-0.3654135338345864,0.051218690425133606,-1,0.05784096238938741,-0.0718791744672238,9.0747889657826e-06,0.05014148131225593
0.03078191274529185,-0.09714285714285714,0.033738786867666376,1,-0.3410177858174399,-0.29739812604832405,-0.00013158444000376958,-0.10438155999999998
-0.07338620161145182,0.5395989974937343,-0.03096023489830646,0,0.03236310271111664,0.012651977658979519,-3.085428248366084e-05,0.022409960000000007
-0.12169130906284742,-0.28266670027540475,0.21847456163826756,3,-0.05608948208635889,1.3842533210428534,6.987587503652603e-05,-0.0018701553344726007
-0.0014416682712059536,-0.28266670027540475,-0.04601871372427227,1,0.23777876003886966,-0.0882489866875602,7.259831172626073e-06,-0.013797491788864136
0.027674661419963664,-0.15321637426900594,-0.08527076908331524,1,-0.31715646477551385,1.817152673837918,1.81495779315652e-05,0.030289024114608765
-0.09822251237034085,-0.28266670027540475,0.036559586345513984,2,0.6075769584349522,-1.7656195868582474,1.633462013840868e-05,0.009926441338806213
-0.0738530793544363,0.5980451127819548,0.08834413826187418,1,-0.1168740651729192,-0.42581738990844986,-1.0889746758939126e-05,0.037575242672805764
-0.026219519431896043,-0.28266670027540475,-0.028323459001863116,0,-0.23864688601633555,1.0668685963868123,-0.00011797225655510434,-0.07236930332115177
-0.05082007523735532,-0.1622890559732666,-0.1000774489685893,-1,-0.4578124753756905,1.0616507674924964,3.3881317890172014e-21,0.09965196999999998
-0.06411395871737147,0.1323308270676691,-0.03379880635481289,1,-0.22674283289783181,0.2460250430697144,0.00018875561048825655,0.031189082197570828
0.10554740880043134,-0.6377610693400166,0.10241012122776749,1,-0.4400717781396777,-0.14469620344584566,8.16731006920434e-06,0.013861930000000022
-0.011081137558679344,-0.35335004177109436,-0.022205617691406915,-1,-0.4230432666744761,-0.8582122381770096,-0.00012069469324490001,0.04973537229179381
0.03056061125163312,-0.7801378446115287,0.044792583465224356,2,-0.9497418287104225,0.015068010962653311,9.982267862355219e-05,0.05301389098167414
0.027099609293612548,-0.8042105263157893,-0.16532456401465911,-2,-0.6602831513425431,-0.27431882277054864,-2.8131845793926086e-05,0.008540720000000002
-0.1959248947502107,-1.1744026733500417,0.16352571403501742,1,-0.9373165331423663,-0.6055311462383814,0.00017968082152240434,-0.030845968110046362
-0.020458446088050697,-0.084812030075188,0.05028650669933282,0,-0.01701498421407699,-0.17492398955489552,-3.539167696655214e-05,-0.06343933999999996
-0.027430834594228237,-0.28266670027540475,-0.023851001941580185,1,-0.590813787823008,1.4838337861621085,-8.258057958854788e-05,-0.04258339537544248
-0.03824110123366664,-0.8166917293233082,0.1610237301561328,1,0.2564981160125548,-0.4457066631472557,-1.81495779315652e-05,-0.04352600000000001
-0.04817460971227139,-0.5282706766917292,-0.061164837130372574,-1,-0.35241488663264686,-0.42518406138217824,-6.080108607074343e-05,-0.07339379948806762
0.07747453442966445,-0.28266670027540475,0.11382485421325655,2,1.1050528336752206,-0.09039828727664467,0.00011343486207228252,-0.04828994036216733
0.046069145328287764,0.43654135338345856,0.24481275251214873,1,-0.9374652582427472,0.720504261896576,-9.0747889657826e-07,-0.05446019768714899
0.00567060242320605,-0.5357894736842105,-0.009946959182171256,1,-0.24069181970144404,-0.36603140422972125,3.5391676966552145e-05,0.005416870000000018
0.027433288748848983,0.17914786967418547,0.001223746154480232,0,0.0954742996389939,1.2264850291282556,-1.3612183448673903e-05,0.04344379999999998
-0.036615493290933054,-0.3904761904761905,0.02766170649815458,0,-0.20556625218225255,-0.8556679930210906,2.6316888000769546e-05,-0.03374025225639349
-0.08322405521788057,-0.28266670027540475,0.08553267762222058,2,-0.48034535753748164,-0.8321205339677142,2.26869724144565e-05,0.1225989162921905
-0.05854545076658413,-0.28266670027540475,0.22996855077865092,1,-0.5202756835711937,0.02244062413998904,1.088974675893912e-05,0.09429973363876343
-0.07019733819489482,0.02375939849624059,0.068909891604091,0,0.20902944149467206,-0.20454168874931167,1.0889746758939133e-05,0.01219437000000001
-0.13986961094709838,-0.17533834586466157,0.1274679049639626,0,-0.2757830901533165,-0.4362454024505107,-4.355898703575649e-05,0.02178557999999997
-0.003193957223518229,-0.28266670027540475,-0.045088053545385365,0,-0.3288653027786834,0.41362145663157346,-3.902159255286517e-05,-0.11852347999999996
0.036452474472559615,-0.47331662489557214,-0.010974886128776645,1,0.04259237285986428,0.06358662921255753,2.9039324690504325e-05,-0.029831826784973092
-0.00546492335553439,-0.28266670027540475,0.08919748064873684,-1,-0.5174942339157456,0.03354649312790503,-2.72243668973478e-06,0.06817984523918152
0.03829903347579755,-0.78796992481203,0.04408668427819529,0,0.01586872184909449,-0.6741300918762976,6.806091724336951e-05,0.03901046927566526
-0.02515198577166522,-0.1924812030075188,-0.004611298766368815,-3,-0.5557547836241366,-0.4696499194063213,-4.355898703575648e-05,-0.013559760000000032
-0.038750677210804274,-0.6932330827067669,-0.09906791484943617,0,-0.10684499090434318,0.1378328395349575,-9.98226786236086e-06,-0.11661019921302801
-0.07042825776438777,0.4907268170426065,0.053057886138891536,-2,0.3976172953671804,0.24614230172803353,-1.36121834486739e-05,0.06475803055915835
-0.09851528216493288,-0.4159398496240601,-0.04787252587588192,2,-0.2317063229521681,0.007920740298859918,2.359445131103476e-05,0.02111608764190681
-0.04022020834316409,-0.19241436925647448,-0.036892005213099155,0,-0.09120461511114186,-0.884653001082631,-9.0747889657826e-07,0.0005662399999999956
-0.03783942359533177,0.29132832080200505,-0.16749050188720016,-1,-0.9626642299940116,0.3140810960180458,-1.179722565551738e-05,-0.06220904479293815
-0.03200963952483804,0.07443609022556391,0.17464649334954724,0,0.48463780889711794,-0.21109871897267407,0.0005145405343597826,0.07480408561744689
0.0461791333280227,-0.28266670027540475,-0.16132439015314737,-2,-0.927910128485542,0.471014880620487,-7.985814289888688e-05,-0.09163543581962585
-0.09040319495736804,-0.6897744360902255,0.10372803405136527,0,-0.6706521259261717,0.47648537176996353,0.0003012829936639565,-0.19763474
-0.0730822283942495,0.6449624060150375,0.04383314305887459,-2,0.029310896348926807,-0.502673512711727,-2.0872014621399888e-05,-0.011587142944335993
-0.01860734565558242,-0.28266670027540475,0.01386423410105117,0,-0.09580499757645455,0.3967344745723764,1.81495779315652e-06,-0.0014576911926268976
-0.03748070515951096,0.11744360902255638,0.04483439973065878,-1,-0.26053962478058246,0.4840972383110502,-4.0836550346021725e-05,-0.034778330000000024
-0.001154527050852061,-0.28266670027540475,-0.05777939277162447,2,0.42460276674479047,-0.14494445908559417,-9.891519972703034e-05,-0.12207379999999995
-0.08383951410001989,-0.43213032581453625,0.15661580308385653,-1,-0.3844599691207873,-0.5783977887782017,-3.176176138023911e-05,-0.05645304690521241
-0.021502121844311217,-0.3663826232247285,0.005018524356622478,0,-0.14434877458070083,-1.37403210928478,-2.4501930207613032e-05,-0.0066015458157349105
0.022262972999201214,-0.055989974937343256,-0.11789668689851573,0,-0.11966919140324439,0.0849262569438416,4.537394482891313e-06,-0.04485066000000004
-0.06834869169284474,-0.28266670027540475,0.08792349438076069,3,-0.28357664278394434,0.9460810711348833,5.5356212691273844e-05,-0.016475465620803764
0.0015603195219608956,-0.0003007518796992129,0.023826031251298174,0,0.6391700404172753,-0.768462753195621,-4.355898703575649e-05,0.06310311859474182
-0.11172178007456446,-0.28266670027540475,-0.16517845927479635,-3,-0.2950087431743311,1.2204564579264074,-0.00012160217214139564,-0.027228091214675898
-0.020905580459950612,-0.28266670027540475,-0.03982507691719406,-1,-0.24988173822639137,0.32802063116243474,-4.265150813917822e-05,-0.10218897461891169
0.0537853682315933,0.14903926482873853,0.11158941706378583,1,0.6828135229772148,0.10739273808197769,0.0005762490993271349,-0.013806756404800391
-0.06672662134305041,-0.4938345864661653,0.21809840878605713,1,0.49490646012712025,0.27538393112181936,3.992907144944344e-05,0.09372461126090997
0.11448631566669476,-1.0291060985797829,0.012255825249497171,0,-0.6975670734894348,0.3041346916181924,1.088974675893912e-05,-0.013031969999999948
-0.05411649774991645,-0.4047953216374269,-0.057697546552247986,0,-0.5506109578882312,0.3606611860141955,-1.7242099034986912e-05,0.046086550000000004
0.001545038142615418,-0.4330827067669173,0.1386543397531615,1,-0.3898331537801587,0.7594886142116137,5.807864938100864e-05,-0.05040248000000003
-0.01378709531003841,-0.4166917293233082,0.02862145760494167,0,-0.5969558609624781,-0.44318486821729053,-5.807864938100864e-05,0.008054314627075176
0.06002105735705665,0.01428571428571429,0.02935222535990409,1,0.6047558617143287,0.4264910004004694,7.259831172626081e-05,0.01639315164710997
-0.07128710579635333,-0.28266670027540475,0.04548808246540953,-2,0.2097140882324,-0.45959160138550814,0.00011252738317563045,-0.05812999000000002
-0.03936182130620036,-0.8387969924812029,0.14396274847501672,1,-1.0281514629982778,-0.40149337440609756,9.0747889657826e-06,0.015085190534591675
0.10196242613481121,-0.28266670027540475,-0.08943142659404718,0,0.24767946234243654,0.2519505836136444,-7.713570620915208e-05,0.029136272448654188
0.04073663008401229,-0.40947368421052627,-0.10599014884165514,-2,0.09050736561379047,-0.48734480631512156,-0.00013067696110726946,0.1324357986450196
-0.03165705771332361,-0.8480200501253132,0.1282098879052129,-1,0.5866887974083355,0.2688283464000829,-5.44487337946956e-06,-0.06500664353370667
-0.11800189995193011,-0.9446282372598163,0.09726371535309644,0,-0.2960491995113377,-0.1342664981585271,0.0001497340179354,-0.11393867433071131
0.07426720122919306,-0.9220676691729323,0.06448302917591828,4,-0.7602187500566648,-0.0066502653424134195,1.724209903498694e-05,-0.041760593652725275
-0.040785560827279466,0.34081871345029235,0.09143565942889426,2,-0.08284892461337012,0.3027481881207992,9.074788965782601e-05,0.008733900000000017
-0.020595541237526938,0.2043776106934002,-0.027880373064551045,-2,-0.24108311659333914,0.15532333705559154,8.439553738177818e-05,-0.01138845999999999
0.15133497443167188,-0.7970426065162906,-0.1915830057838528,0,-0.8030480918902976,-0.09033998428966594,7.895066400226091e-05,-0.1526978318016815
0.039312089072823575,0.49759398496240603,0.082656590335251,1,0.08417753034336517,0.4246971479340642,9.0747889657826e-07,0.013872385117263797
-0.1262307755710398,-0.28266670027540475,-0.022097713954038672,1,-0.057941325459443416,-0.18229848437047558,8.439553738177819e-05,-0.0600693819564056
-0.0774815042788175,-0.9309774436090226,0.08932924483725657,0,-0.9768066174839038,-0.43824580611142316,3.62991558631304e-06,0.040604799999999996
-0.016243450646679425,-0.8709774436090226,0.09995340499611538,-1,-1.2059965881917796,-0.8631748258770742,-3.6299155863130466e-06,-0.006026003807525715
-0.07804266564321749,0.09473684210526323,0.03841306955482032,0,0.03754800107116241,-1.361663332640222,2.903932469050432e-05,0.08322251000000003
0.09864796911860085,-0.3028571428571428,-0.016461484551894667,1,0.7486886988923751,0.6117252397409807,-9.982267862360846e-06,-0.11317705
0.01413380685168275,-0.5971428571428571,-0.017632499713936045,-2,-0.309130070336725,0.006018481931419295,-0.00017514342703960423,0.0392866432666778
0.008933947050250302,-0.40571428571428575,-0.053688540069582735,-2,0.03660662252926494,-0.7338262579617361,1.81495779315652e-06,-0.0213706493377685
0.10106263556828876,-0.3619548872180451,-0.0438344986056145,2,0.5089454264607718,0.4341105285286755,-0.0001579013280044913,0.05293849110603338
-0.06092688447997674,-0.28706766917293236,0.18446199370319766,1,0.07378042302483889,0.37570376292261987,9.982267862360861e-05,0.048183699999999996
-0.0186450357282677,0.3953383458646615,0.0756416019686274,0,-0.37911281196947355,0.15514025400488674,-1.7242099034986926e-05,-0.024516640000000034
-0.08758509872292874,0.24680033416875524,-0.11027432532795478,-2,-0.18241078439515235,0.8828162624329217,1.81495779315652e-06,0.11807578423995974
0.025329030906730332,-1.0741520467836259,0.04427053208145368,4,-0.637202593573575,-0.019254588161297548,3.720663475970866e-05,-0.07466799020767212
-0.05491320392373711,0.3363199665831244,0.11793525630349061,-1,0.07931091552016589,-0.4799123269908083,-3.62991558631304e-06,0.023163795471191406
0.029297892500595557,0.13928153717627395,0.13749911787311792,1,0.20679311506941067,0.1906469229337837,0.00021053510400608256,0.0031993033832550255
0.09876415725500176,-0.680033416875522,-0.15488735653318214,-1,-0.127545181585758,0.4070410685029344,-1.6334620138408686e-05,-0.03202357530601502
-0.09370552579394298,-0.28266670027540475,0.08816445940059314,0,-0.6326059543029108,-0.8235011312512563,-3.6299155863130466e-06,0.12146668136119851
-0.03924167359437414,-0.28266670027540475,0.15452449324337258,-1,0.5529526743927282,-0.0038943562786251107,-2.72243668973478e-06,-0.018987326114349445
-0.13507761385905737,-0.11218045112781952,0.1071236895802142,0,-0.4051877661392096,0.5152614016349304,0.00042742256028824354,0.011480049999999964
-0.0954785708660909,-0.4936842105263157,0.0389415313787046,0,-0.1555410201722749,0.03316267075418988,0.00015790132800458696,0.08322072999999997
0.011761701907394007,-0.3741019214703426,-0.13750001866872974,0,0.08897258425807042,-0.036869727603429325,-5.444873379469563e-06,0.1071859
-0.03751323505962345,-0.7129323308270676,-0.08281887408780497,-1,0.008683526118124174,-0.002791067766763966,-1.0889746758986933e-05,-0.05874267220497126
-0.006667272098762722,0.26225563909774435,-0.0706154378204373,-1,0.2118978989897653,-0.5207556092438743,-7.532074841599559e-05,-0.05310714023506169
-0.058132100529637576,0.22653299916457803,0.02359021643724807,0,0.16227360814416558,0.017808383098112834,6.35235227604782e-06,-0.01562981511840822
0.1104854529981989,-0.28266670027540475,0.027057237564024422,1,-0.3709010488102882,0.1074027979821981,1.81495779315652e-06,0.01237815335006709
-0.05157658816820687,0.12459482038429404,-0.0057324106618356074,0,-0.2093747319909811,0.9738164740769104,7.713570620915212e-05,-0.0013784766197204035
-0.004388145337378191,-0.03383458646616537,-0.005615773159525911,0,0.0803396409635666,-0.24996459436564944,3.720663475970866e-05,-0.06606686115264887
-0.0650683999469387,-0.26533834586466165,0.015588009330453678,0,0.11096267416811179,-0.3976460201244283,-5.5356212691273885e-05,-0.09949302673339849
0.02010479404868648,-0.10947368421052636,0.07297301936437439,-1,-0.0905084271136758,-0.23636981753807618,-7.25983117262608e-06,-0.03737482731262215
0.017441496112093002,-0.21127819548872181,0.10748255380867522,3,-0.436945519574778,1.1909092541647874,-1.1797225655500005e-05,-0.10472321267784118
0.06303020326399966,-0.28266670027540475,-0.05405773074262582,0,-0.3724248431766011,0.6488057298399985,5.44487337946956e-06,-0.054365366697311346
-0.01807241235077206,-0.29620300751879697,0.222988893054043,1,-0.32489462909904754,0.1296626965155161,0.00015880880690114342,0.06616124999999995
-0.0807753174919722,-0.2289055973266499,0.06308207204741062,3,-0.4632368272470577,-0.1419731411924401,0.00020509023062668683,0.11851897835731501
-0.1063145322559298,-0.4451963241436926,0.030679091184822427,0,0.2972486992461949,0.17766297018008714,-2.3594451311034756e-05,0.019847257355499193
0.0772784703924786,-0.26773600668337505,0.09336731487623479,2,0.14829623746942167,-0.06199239588593031,0.00039475332001144775,-0.07076761999999998
-0.023633083605203997,-1.0748872180451128,0.02048041161372316,0,-0.3940463972694843,0.855700378064788,-1.451966234525216e-05,-0.10309264063835138
0.03103555217547127,0.8272180451127819,0.0975050309460122,-1,-0.2155491462484007,-1.2536658143976611,2.450193020761302e-05,0.0854609
-0.06921844253836462,-0.28266670027540475,-0.01045656639472442,-3,-0.4584788466275307,-0.0327163153900365,-4.355898703575648e-05,-0.0740019679069519
-0.08420779390091271,0.9685714285714284,0.09775768434754412,0,0.22491988778625993,0.11972298971801099,-9.891519972703034e-05,-0.1078959703445434
-0.06755581682375966,-0.42015037593984966,0.016695688016904575,-1,0.06645932693630963,0.05521314014761458,-0.00020962762510952173,0.037939500000000015
0.04224266695871148,-0.19714285714285715,-0.0041718488799495634,1,-0.13856664305676336,-0.08958527999924915,-8.61940727125976e-18,-0.021854284803848212
-0.07816971699638287,0.3764411027568921,0.009132909297528052,-1,0.45971631375577315,-0.5826226373014247,1.270470455209564e-05,-0.11448964831733704
0.06634293303627958,-0.45052631578947366,0.020800659906116126,0,0.21151557253709408,0.06546080362564943,-3.539167696655214e-05,0.13989285
-0.07059282972801872,0.4219507101086048,0.06685196003422078,0,0.07110048822780346,-0.5066534884117129,0.00019873787835058263,0.04925168000000002
0.009989425101471383,-0.2696240601503758,-0.01594071671844982,0,-0.3601859959365017,0.09602267614704729,2.4501930207613046e-05,-0.10407880000000003
0.002705926622792676,0.2346031746031747,-0.1728606785854928,-2,-0.31123855881914064,1.151778410323737,-4.355898703575648e-05,-0.05224651098251343
-0.10625060969430511,0.2852297410192148,0.06413894512644908,0,0.16764116459453993,0.9357189754367576,-0.0002958381202845044,-0.14865371584892267
0.07334186043900348,-0.28266670027540475,0.010497805341965899,1,-0.27377179496161164,0.13508021233731782,-1.0889746758939123e-05,-0.24359698590774542
-0.19162622142088037,-0.9422556390977441,0.21773895972635438,1,-0.1599861765324384,-0.18775272349895555,1.1797225655517393e-05,-0.040885210000000005
-0.15623602085049448,1.1102230246251565e-16,0.055844012523323494,0,-0.19431784508178884,-0.0021846238600247148,0.0003285073605612043,-0.10212245583534241
8.475643759409124e-05,-1.0995989974937344,0.09259210442386834,-1,-0.39429937227510603,0.28404213984452165,-9.074788965782566e-07,-0.09190520376770017
-0.07046294571437972,0.6369924812030074,-0.059778073863689496,-2,0.2520450902694922,0.10876522384881948,-0.00022777720304107394,-0.08247986382118233
0.032618736015838645,0.31044277360066835,-0.19376668074232617,-5,-1.0647918363454791,-1.00297270485801,-0.00010526755200307816,0.054010449248886094
-0.04778447590579682,-0.04461152882205509,0.03999059558591293,-1,-0.05893122520590843,-0.8731879553715363,-0.00010889746758939122,0.04250525999999999
-0.04059288083041446,-0.28266670027540475,0.019780698856202233,0,0.27477294367632865,0.17899184669307555,7.441326951932611e-05,0.043286409159774775
0.015932145605426107,-0.28266670027540475,0.06814874637790898,0,-0.16319675288079472,0.15029915218920653,2.7224366897347802e-05,0.09230494702781677
-0.041929254336336985,-0.28266670027540475,0.046758952809127674,0,-0.5089570262855099,-0.3434794132377794,3.9929071449443465e-05,0.031214356422424316
-0.053400777358527995,-0.2689724310776942,-0.09556801669938925,0,0.49923920127061105,0.1303724397141055,-8.16731006920434e-06,-0.022685979999999994
-0.08055134573836176,-0.28266670027540475,0.06784159151672942,-2,0.5190510471200014,0.0723859319839546,-5.354125489811734e-05,0.07065093
0.02382064290281083,-0.28266670027540475,0.18455188780154158,5,0.3879065890132787,-0.15187680224708444,8.258057958862164e-05,0.015812571350936888
0.014198226436359485,-0.28266670027540475,0.020672131615551814,0,0.11154764547017448,-0.16561284253340602,-0.0002704287111802868,-0.09539845585823059
0.011420894339249643,-0.28266670027540475,-0.03851465557816955,-1,-0.47832990496581784,0.47404907432408727,8.167310069204353e-06,-0.04900119999999997
-0.1237494118313448,-0.664628237259816,0.11052118472041023,-2,-0.1607911231575132,0.47632945981495745,9.982267862360873e-06,-0.0515923798084259
0.016237994242863096,-0.27610693400167086,0.01595912080851658,-1,-0.5073180413242073,0.06854851635262893,-3.99290714494391e-05,-0.017998312061615007
0.07686527347080985,-0.5630075187969924,0.07039115526603258,1,0.004423513018757763,1.6821275344612618,1.81495779315652e-06,0.015044909106445292
0.0327158796144128,0.6060150375939849,-0.07973454644596442,1,0.4032947678757792,-0.37866125316672505,7.259831172626081e-05,0.07006243043128968
0.05483328343124827,-1.2589473684210524,-0.04564312734651488,1,-1.2188996056786698,0.7409733029888708,-5.626369158786074e-05,-0.14615334000000002
0.04084882780018839,-0.5442105263157895,-0.017524648011116167,0,-0.6479258879905028,-0.5765696863534133,-0.0001197872143483262,0.016235259999999974
-0.0726437184731562,0.1839598997493735,0.07976087749169156,1,0.2537680310280064,-1.7885059884887835,2.72243668973478e-05,-0.08189790000000002
0.005371318252721524,-0.7345864661654135,0.06442327491497335,0,-0.8228022439278262,-0.3596057040724103,-6.352352276086959e-06,-0.00836671
0.042697534965246975,-0.3962406015037593,-0.12571825090728442,1,0.3782353939802312,-0.038101012165791204,-3.085428248366085e-05,-0.16837087273597717
-0.0805964432657138,-0.5083208020050125,-0.010440990336008482,0,-1.1113146129609923,0.24999032376970298,9.528528414063912e-05,0.07382667000000004
0.061969991893224274,-0.28266670027540475,-0.05472606150532544,-1,0.49210148926021935,0.00780921736190443,-2.710505431213761e-20,-0.0692452490329743
0.056205593320155844,-0.6725146198830407,-0.08144289131168186,-1,-0.772657039715785,0.033903398031450926,-4.991133931180431e-05,0.05562006000000003
0.041226464492869264,0.4875187969924811,-0.035155454365274355,1,0.1583595921587193,-0.039974411576217506,-5.172629710496083e-05,0.0064885020256041925
-0.057847657588963375,-0.28266670027540475,-0.12382318641684487,-1,-0.33234578093853173,0.21348845552969653,-5.263377600153909e-05,-0.038101227986984176
-0.012804356636019643,-0.28266670027540475,-0.1367902180156042,-2,0.3048720658963977,-1.4928883696102178,-0.00010163763641676514,-0.010045110250244071
-0.025658133528047578,0.2765413533834586,0.09946236297486297,2,-0.0904828203461685,-0.21305717012348424,0.00014791906014224347,0.03515531999999999
0.07750754339478239,-0.25067669172932333,0.13789078399772653,2,-0.34020025100540296,0.08442786865897833,-1.8149577931565064e-06,-0.03938235000000001
0.08213454571424783,-0.178796992481203,0.048773233214770145,1,-0.4940615548463718,1.4762558271784751,-7.169083282968255e-05,-0.0591484664600373
-0.05273533557053023,-0.28266670027540475,0.17078921217060655,2,-0.5072236592174906,-0.46866614664999506,0.00023140711862742173,0.1198388934135437
0.0015386542765202238,-0.6368421052631579,0.07639073390803314,0,-0.33587023232605207,0.0307377613079014,5.535621269119574e-05,-0.052916708101577725
0.03981850085959293,-0.2002148227712137,0.024619519956414787,0,0.09798698068123546,1.368548446670668,-4.537394482891313e-06,-0.10823216745758052
-0.08103442945614692,-1.0607518796992481,0.09885008541354773,1,-1.4797906777824918,-0.13900119756216345,0.00015608637021142605,0.011788894559097263
0.06365431484166229,-0.6300751879699246,-0.10327159450246357,-2,-0.9857844999115928,-0.06279455074890805,-5.626369158785213e-05,0.14805295000000002
-0.002879734603392081,-0.545563909774436,0.04189582163019723,-4,-0.1512348647655224,0.6557844061816063,-3.9021592552865205e-05,-0.02661472922294622
-0.07982815778666152,-1.0314118629908102,0.11026386733182389,2,-0.5140335697017826,-0.11452485158843562,0.0001315844400037783,-0.023917198181152344
-0.032155699810346605,-0.48924812030075177,-0.05741103586747448,2,0.462738907112334,0.17455970276823862,0.00022868468193766524,-0.0642608667125702
-0.04360204906673981,-0.28266670027540475,0.11899126347343983,-1,0.35376132260329696,-0.2349261994154599,-5.807864938100864e-05,-0.08854097127914429
-0.012992061815256584,-0.48357142857142843,-0.004563574288291905,0,0.42517118594345726,-0.021067454317666545,-1.8149577931565192e-05,0.044590830000000026
0.022213078166897993,-0.7372765246449455,0.09298538799527462,0,-1.0811701133327474,0.041514474411077806,9.982267862386962e-06,-0.021652998102874688
0.020924258665342532,-0.4181286549707603,-0.06829471200202766,-2,-0.296341107065885,0.607882989234402,-6.352352276047818e-05,0.015768946976242038
-0.04414532721496345,-0.11142857142857165,-0.09348475095725228,-2,-0.32233123172566147,0.9885049688632428,-2.087201462130868e-05,-0.06732320000000003
-0.062006461160024506,0.2530075187969925,0.122611157819149,2,0.3537551181399219,-1.158906599182421,5.44487337943042e-06,-0.07654097999999998
0.06374404082451024,-0.7090225563909773,-0.10978203816947599,1,-0.14470424840962215,1.283793321823838,5.4448733794478215e-06,0.01550180000000001
0.06565895888448336,0.08676691729323309,0.14504604164076118,1,0.2221613535476541,-0.03475035364712298,4.355898703575648e-05,-0.0010367333889008123
-0.007927697188890748,0.08324979114452791,-0.00939159187012431,0,-0.4033954661061965,0.15864813148490065,3.085428248359138e-05,0.05837172269821167
0.05254999927378923,-1.032314118629908,-0.027913347326304655,2,-0.22295974899853954,1.2018121083033435,1.8149577931565192e-05,-0.045893705315017685
0.02755901484315748,0.3673684210526315,-0.08519512257278733,1,-0.1818643744086641,-1.1102389041772671,0.0001914780471779261,0.05792520000000001
-0.22635941267409954,-1.1078195488721803,0.23283263180922117,-1,-0.892689173500858,-1.5327761260896757,4.4466465932334765e-05,0.003223534970016484
-0.007668732428000702,-0.5440601503759398,-0.10295984536190297,-2,-0.062405631496897485,0.8377126815677238,-0.00016879107476348257,-0.06817519664764399
-0.19709717137086147,-0.2914664123984252,0.2014092604913309,1,-0.8569449194764993,0.8097166860793417,0.0001678835958669391,-2.0860000000011425e-05
-0.07966462302276589,-0.012030075187969919,-0.058429323408066,-1,0.028580612512759007,0.16476102479055843,-3.448419806997388e-05,0.25258493
-0.10025645653476611,-0.3559398496240601,-0.06586981687948706,1,0.5634432050594427,-0.2772863736144373,6.35235227604782e-06,-0.05660641193389898
-0.08140911674312323,-0.28266670027540475,0.16423785464618867,1,-0.2776509264896476,-0.30005702530437706,5.89861282775869e-05,-0.0037793534651947014
-0.05510527776270724,-0.5260150375939848,0.11524240309260751,-2,0.1006338262965647,0.2624090433857198,-9.256284745104342e-05,0.007576751045989982
-0.03461092265378751,-0.1362406015037594,0.05285548460143852,0,-0.6464219430833147,0.12141268387159432,-5.2150124496552763e-17,0.0875631
-0.037664860537973244,0.09127819548872176,0.16406269172054466,2,-0.9992224781083823,-0.3675146772504867,-2.631688800076954e-05,0.042729746341705344
-0.03457187402381634,0.036842105263157926,-0.054290833590952936,-3,0.4103324429517268,0.08755152559752499,-0.00018784813159169987,0.04301389703140257
0.0702601162712101,-0.23669172932330823,-0.017931657448101324,0,-0.18954967309437842,1.114387578920434,-1.36121834486739e-05,-0.005500200000000011
0.005272811317252324,0.2759398496240602,-0.004056765701190346,0,0.15879045854222307,-0.6175486246147699,2.7224366897347812e-05,0.100441575050354
-0.13022107752441336,-0.16474519632414367,-0.06935449679025321,1,0.26811928824191034,-1.8943813915630452,4.809638151864779e-05,0.12117031
0.01451349856739903,-0.7473350041771094,0.028303225862979536,-1,-0.352995149670686,-0.34712773634162897,-0.000259538964421287,-0.08052431999999998
-0.010909938533342434,0.5392481203007519,0.05170750091599352,0,0.16468178641345643,-0.7918663780618358,-5.7171170484343506e-05,0.02301308000000002
-0.12276283311195746,-0.5148872180451128,0.07566503522949974,0,-0.21515088930515436,0.42487751527590856,0.00016062376469436952,-0.03866423831405641
0.04759277221263558,0.404110275689223,-0.04833224439240669,-1,-0.5022683941511557,0.3381091454218872,-7.169083282968256e-05,-0.03018515999999999
-0.008836272078665997,-0.28266670027540475,0.019303212685369026,0,-0.6841018521880953,1.4196407538192002,-8.167310069204342e-05,-0.10067310929298406
0.015956017895354613,-1.0270676691729324,-0.018668909022563268,0,-1.6005712612170693,1.007680563531503,0.0003003755147672521,-0.034430473487777724
-0.0005078996001762759,0.059314954051796154,0.1237801086291756,0,0.07798847251452479,-0.033294494768346894,-4.718890262206952e-05,-0.04526281716728209
-0.09860117131215718,-0.28266670027540475,-0.05542460388702161,-3,-0.7169014180351123,0.4367031207856229,-1.8149577931565196e-05,-0.1318622231483459
-0.05479305773314247,-0.15308270676691732,0.007370111463779583,-3,0.6709162740246808,-0.07059870788453271,-0.00011252738317563468,-0.06256732830398559
-0.11698126554221011,-0.9801503759398493,0.09677031646274542,0,-0.6956835080958719,-0.689413258053988,9.347032634756076e-05,0.07160562082717892
-0.03859818449586894,-0.051278195488721756,0.06585500746769998,-1,0.09213358137550509,-0.11959631733560716,6.715343834679126e-05,-0.11919366923027036
0.022462075978247786,-0.769624060150376,0.10530316904741902,1,-1.3893277933172419,0.6128435243420549,6.261604386389994e-05,0.02856630086898798
0.05919007931136866,-0.2660150375939849,-0.1294210285912329,-1,0.07261098749688744,-1.1148268537132044,3.539167696655214e-05,-0.15030101
0.014681978923481664,-0.28266670027540475,-0.03714412307303361,0,0.12876523554929564,0.6498809254570466,-4.537394482891286e-06,-0.0010090799999999955
-0.039211587222447664,-0.28266670027540475,0.013974030452083397,-1,0.18740701695519846,-0.1134153697729916,5.44487337946956e-06,-0.071655598066864
-0.21720123796019064,-0.28266670027540475,0.14887227342745277,-2,1.2542490977941259,-0.8748015649607552,-0.00036208407973449574,-0.16467062000000002
-0.0365621711027696,0.028137009189640773,0.02331270001890856,0,-0.1733285878794537,-0.2164790024324148,-0.0001361218344866566,-0.005013880000000026
0.023276573712962323,-0.07503759398496229,-0.05212080679167072,0,0.37561376929488643,0.08944879905841674,-4.5373944828908715e-05,-0.06399465999999998
-0.04234459585192629,0.44960735171261484,-0.028137067450086373,3,-0.43517360292146146,0.03664847327562981,-6.352352276047833e-06,-0.019338607788085882
-0.05118265401420008,-0.29443609022556394,0.10205450185758572,2,-0.6751622457754167,-0.7455699877936537,0.00013612183448666513,-0.0438917875289917
-0.04165474590284246,-0.854954051796157,-0.09026385851178281,0,-0.7387782312151856,-0.252405329014076,-4.35589870357565e-05,-0.02248876999999999
0.14726466228778767,-0.7180618212197158,-0.14220249213069905,1,-0.22206932075072938,1.2001015116458777,2.177949351787824e-05,-0.05284067857666008
-0.02141397239094911,-0.38409356725146204,0.021374632953164052,0,-0.735226936901245,0.431473638422581,-5.717117048443035e-05,-0.0030853450298309326
0.02631243150817464,-0.6013533834586465,-0.026097410005255506,0,-0.3357563793511811,-0.2495322995371989,9.074788965782633e-07,0.037718379999999996
-0.1330744743512413,-0.28266670027540475,0.06937175944467405,-2,-0.16592133009239918,0.250700040134773,-2.450193020761302e-05,0.07565337419509888
0.014540461807725502,-0.08477861319966576,-0.025909613385781793,-1,0.16198652535469948,-0.16257888939620102,8.167310069204346e-06,0.08729609999999999
-0.15760220666525027,-0.7563909774436088,0.15324259120790287,1,0.07639005673845567,-0.017260313680023565,4.08365503460217e-05,-0.05025815963745117
0.02381163023695243,-0.14611528822055134,-0.009321297477648316,-2,-0.17555290638359633,-0.37334876786949334,-6.624595945021298e-05,-0.05361056343574527
-0.08228032934622209,-0.936925647451963,0.15189152260462754,5,-0.6184653210066355,-0.05256312405409869,0.00014882653903883466,0.006728534266891462
0.09988611486566568,-0.3218850698174007,-0.11468688401512042,-1,-0.3918524414485236,-0.04669436603016486,-9.074788965782566e-07,0.025308042764663696
0.06643631780394099,-0.6165413533834586,-0.013681618401448215,0,0.012460946597535383,0.14318176403125893,-2.6316888000769525e-05,-0.01319745
-0.07993367547607522,-0.04225563909774435,0.12580281941148533,-1,-0.27170664038811454,0.19836096206279308,-9.982267862360863e-06,-0.044942647218704224
0.011021702738941652,-0.28266670027540475,0.007639509280713108,0,-0.8467484676832644,-0.33866549584504035,6.352352276047821e-05,-0.023069891957168576
0.03203081070582847,-1.2784962406015037,-0.06693549066153956,1,-1.1898494759507692,1.0200213196847052,6.170856496733908e-05,0.003217309713363592
-0.02513805790331103,-0.6702255639097745,-0.017586793820661528,0,-0.4743959869039154,0.20037152621214815,9.982267862399972e-06,0.06873822212219238
0.05762349118652854,-0.47518796992481194,-0.02816686820539699,0,-0.39256791642277467,0.15268804912847234,2.9946803587039102e-05,-0.06194179999999999
-0.07921153697857541,0.007585630743525418,0.2336387561083939,1,-0.14665765240989792,0.2529803967208428,6.35235227604782e-06,0.050087302923202515
0.025641750129636764,0.3553884711779448,-0.0341524664358514,0,0.8169083833362869,0.8319826944206623,-5.44487337946956e-06,0.016545680000000007
-0.01883775862949877,-0.10178780284043445,0.006739461698054755,1,-0.1090213712284025,0.5918396806298727,0.0,0.0308596789836883
0.03771464945009673,-0.28266670027540475,0.10752367126847845,0,-0.005784898754373824,-1.4158678037946606,6.987587503652602e-05,-0.01303398609161377
-0.06093215332733115,-0.39533834586466166,-0.019980935028876018,-1,0.011657767437871058,-0.7502384488451108,-0.00046099927946166087,-0.14633561
-0.15434037933626077,-1.114736842105263,0.17369366031493602,1,-0.14733716540612063,0.6259216073755454,3.448419806997385e-05,-0.14163199000000004
-0.05377540870192532,-0.28266670027540475,0.01082008449388952,-1,0.21159535046994016,0.19224724481154798,-5.989360717416518e-05,0.16673088181068418
-0.02532537056850237,-0.7919799498746867,0.11728953390121769,1,-0.23272805311018985,-1.6641229377122615,3.5391676966552145e-05,0.04781297754440306
-0.015352015836053723,0.14820384294068503,0.029012380889877565,-1,0.33565283854716554,-0.5919427256741079,-8.076562179546514e-05,-0.03539017276313783
0.015018682834330166,-0.28266670027540475,-0.040432597961172045,-1,-0.29403559585370287,0.9752837538917305,-2.813184579392606e-05,0.05695968866348261
