match_num,sense,sem_dens,demand,s_perph,s_num,conc,val,w_freq,c_div
1,connection_1_noun_1,0.7301574261797923,-0.08240601503759401,0.2503389550654989,3,0.012654335327638933,0.25116498791183517,9.34703263475608e-05,0.42378217
2,individual_1_adjective_2,0.7118096273872447,0.24812030075187969,0.13839159416114052,3,-0.3402935170747998,0.2807085056629308,0.00021144258290263474,0.32591975
3,political_1_adjective_1,0.7303674756027803,0.23759398496240597,0.06470986876327056,2,-0.16284865699523632,0.23188273563798578,0.00018331073710870863,0.27292988
4,confident_1_adjective_1,0.7402250949642907,-0.37819548872180453,0.07598661874227197,2,-0.594710773368508,0.9044881967709841,2.359445131103476e-05,0.37882757
5,drive_1_verb_2,0.6934590550169435,0.15744360902255639,0.2918128489650497,5,0.2528216834623316,0.04430511903313139,0.00014519662345252165,0.4631761014461517
6,adopt_1_verb_1,0.700938671226074,-0.04105263157894735,0.28842350543971973,4,0.3658659702667775,0.9400902687662125,0.0001070825097962347,0.4779121
7,conclusion_1_noun_2,0.6916301859606164,-0.027067669172932334,0.09653257581016284,2,-0.42783391590133846,0.22437042458737988,5.6263691587852124e-05,0.31167197
8,verge_1_noun_2,0.582874129441476,0.03508771929824564,0.28392793189291643,2,-0.17675239083201877,0.5102206979369353,1.3612183448673903e-05,0.384945660829544
9,punch_3_noun_1,0.6664858143941801,0.17276524644945696,0.19695452131467298,1,0.5773227127124594,0.6607845775156651,2.7224366897347803e-06,0.3765190541744232
10,cover_1_verb_6,0.6624198983132211,-0.311578947368421,0.36212369691789864,9,0.27388881994004644,0.19594884591705242,7.804318510573037e-05,0.4811815321445465
11,style_1_noun_3,0.7124169648703012,-0.325563909774436,0.22494867228427273,4,-0.07010713672886748,0.8300173060471474,8.89329318646695e-05,0.3736028373241424
12,preference_1_noun_1,0.6834664549104841,-0.07533834586466165,0.15637962554891333,2,-0.5996797251372192,0.25503344910845804,3.0854282483660845e-05,0.39926097
13,paint_1_noun_2,0.6350670609731748,0.22165413533834583,0.2340957609222007,4,0.6596639778356965,0.5915603291049774,0.0001134348620722825,0.3833775520324707
14,then_1_adverb_1,0.6660427988421187,0.14202172096908938,0.181235194218631,3,-0.6069327938936566,0.532605459672685,0.00027315114787001724,0.45189258
15,bill_1_noun_5,0.6676009423919782,0.3157894736842105,0.2175372186671462,5,0.722437167588267,0.09143279590530806,8.621049517493471e-05,0.3220926821231842
16,parade_1_verb_2,0.739008100359457,-0.044930886341632045,0.18142897296778168,4,0.398908872425916,0.3289187462602303,1.633462013840868e-05,0.6032206416130066
17,business_1_noun_1,0.6605453230662157,0.049791144527986594,0.2620516832741245,7,0.10349709862502543,0.15577624857642558,0.00014973401793541292,0.36162648
18,difference_1_noun_1,0.7234712121417459,0.1777443609022556,0.10035856965054729,2,-0.32005085490731044,0.20829354489868468,9.074788965782601e-05,0.35270816
19,husband_1_noun_1,0.6548448024016859,0.3628571428571429,0.19695452131467298,1,0.43325416115560333,0.39465168387752847,0.0002749661056632,0.34396377
20,rarely_1_adverb_1,0.7571376078648915,-0.545563909774436,0.13638010355394148,2,-0.7283154695899037,0.18697174682527606,4.3558987035756485e-05,0.36139318
21,scale_3_noun_2,0.6422571359112547,-0.40864661654135337,0.3662722211411628,6,0.11711684782887755,0.14172979576912503,4.99113393118043e-05,0.3621598482131958
22,question_1_noun_1,0.6628418473926896,-0.11804511278195488,0.23258516703427576,4,-0.008523404504388488,0.21491954928670154,0.00023594451311025644,0.35781828
23,this_1_determiner_1,0.6390709378347675,-0.044930886341632045,0.2082797998491729,4,-0.23291766321485508,0.6373623677746965,0.0003811411365627347,0.4766391217708587
24,wear_1_noun_2,0.5822140674902034,-0.044930886341632045,0.3910613436859786,6,0.24705405758291343,0.8310686486286212,0.0001397517500730521,0.5035743117332458
25,root_1_noun_2,0.6411296255725336,-0.19669172932330828,0.3967100279782401,6,-0.027651710667202067,0.2713260481201143,3.992907144944344e-05,0.3444952964782715
26,shower_1_verb_1,0.7609720115878031,0.21609022556390975,0.3507675912438142,4,0.5846408279044772,0.5953873969127859,2.087201462129998e-05,0.349643737077713
27,load_1_verb_2,0.7233426081877196,0.46165413533834576,0.2854190620724772,7,0.7049787782630998,0.028469098217065003,3.539167696655214e-05,0.4849723279476166
28,manufacture_1_verb_2,0.6984829890289548,-0.026616541353383462,0.18055595468034213,3,0.0731918455777012,0.33397323873449647,2.0872014621299982e-05,0.4232
29,name_1_noun_1,0.6659312349839395,-0.044930886341632045,0.21321265671863876,4,0.24618564308389868,0.49706930541320915,0.0003275998816647217,0.4402013719081878
30,attendance_1_noun_1,0.6768539025092379,-0.044930886341632045,0.16151316524807052,2,0.05918818813238591,0.6484038005659158,1.0889746758939121e-05,0.31752595
31,gate_1_noun_1,0.7230464533080796,0.7243107769423558,0.05867040877849278,2,0.9934948135597415,0.08547345532282158,3.9021592552865185e-05,0.276301771402359
32,storm_1_noun_1,0.7433018360960486,-0.4236090225563909,0.2549056867710503,5,0.7984555158316438,0.1592409993303301,0.0001678835958669652,0.3278447389602661
33,hour_1_noun_3,0.6613707339957886,0.07037593984962405,0.2576960431503422,5,0.18644186854480704,0.18366863852849047,0.00025409409104188254,0.37129575
34,serious_1_adjective_1,0.7596929237222609,-0.044930886341632045,0.17647339640571955,3,-0.4173050123743596,0.17307222327787297,6.624595945021299e-05,0.40341997
35,resistance_1_noun_1,0.7037538994101351,-0.08917293233082706,0.19695452131467298,1,-0.21114016992198303,1.0382945994910715,3.2669240276817365e-05,0.3205991685390472
36,combination_1_noun_1,0.6993607966017524,-0.044930886341632045,0.2542115805006004,3,0.23958925515503182,0.41657084557244595,4.9003860415226045e-05,0.3659340441226959
37,incident_1_noun_1,0.7066997441545991,-0.20947368421052626,0.15697450733510088,2,-0.18517495413075125,0.7797040438593763,7.441326951941733e-05,0.3623003661632538
38,uneasy_1_adjective_1,0.7416692202167837,-0.044930886341632045,0.08601769354976951,2,-0.40599588809442144,1.0269937205085435,9.0747889657826e-06,0.3423774
39,constant_1_adjective_1,0.7657817482803573,-0.423157894736842,0.11076786295288943,2,-0.47518406055296314,0.21468624041475426,6.896839613994777e-05,0.3751449
40,elsewhere_1_adverb_1,0.6766805847111276,0.4045112781954887,0.19695452131467298,1,-0.32960808181025225,0.3054769881413506,2.0872014621299982e-05,0.421595
41,quiet_1_noun_1,0.7477395213459928,-0.5926315789473684,0.15553908533681357,4,-0.2936432539073337,0.7117585239014543,4.900386041522604e-05,0.32821643
42,dead_1_adjective_1,0.7273381192971372,0.12360902255639097,0.22661883719697026,3,0.26292733529916656,1.1145657958476827,0.00020781266731641738,0.40421712
43,listen_1_noun_1,0.6066893914665974,0.3219715956558062,0.10648513495073286,2,0.41727907159813427,0.9094597978303431,0.00015427141241820434,0.44159946
44,state_1_noun_3,0.6486709606469718,0.02238930659983296,0.37727245929573006,7,-0.013989450232130718,0.2630609151377623,0.0005109106187734347,0.36111563
45,gently_1_adverb_1,0.738220129149716,-0.2812030075187969,0.09496953674863184,2,-0.3371468508381783,0.819443638629604,2.631688800076954e-05,0.4092119
46,properly_1_adverb_1,0.7609007701313142,-0.4705263157894737,0.19996823363130609,3,-0.6055785756250054,0.7649165325613669,5.898612827758691e-05,0.31588164
47,thick_1_adjective_1,0.7773029795080323,0.29139515455304926,0.15360657857457471,5,0.13870661970397435,0.24329575599531417,4.446646593233474e-05,0.4289666712284088
48,record_1_noun_1,0.7158324082829248,-0.044930886341632045,0.16303322837986278,3,0.37862605887329215,0.40500357930752795,8.167310069204341e-05,0.4249497950077057
49,opening_1_noun_2,0.6762413386583335,-0.044930886341632045,0.17603617095723728,2,0.10918315097943765,0.3951401297920256,1.8149577931565203e-05,0.4180535972118377
50,eye_1_noun_1,0.6775016660978632,-0.1723308270676691,0.28885529562010337,5,0.6377658303721816,0.48469473694204,0.00023412955531719112,0.4479459822177887
51,reason_1_noun_1,0.6779323683970893,-0.2655639097744361,0.24722098822127547,3,-0.24853464566674788,0.002865381785209564,0.0003793261787695956,0.42860657
52,smoke_1_noun_1,0.7235956883709888,0.1705263157894737,0.18993303549586,4,0.766978451374122,0.8760223691453302,4.446646593233474e-05,0.3234277963638305
53,sheet_1_noun_4,0.7125113792359281,0.533500417710944,0.19248932165779145,5,0.9291684494481407,0.27630119789864693,1.81495779315652e-05,0.3627715110778808
54,star_1_noun_2,0.6681674708941868,0.13951545530492898,0.2910870719301109,6,0.8845634958291884,0.7754143980909189,0.0001297694822106912,0.3250307440757751
55,copy_1_noun_1,0.7123845758959992,-0.044930886341632045,0.21841528366198612,4,-0.030330262667927155,0.5941154781346869,4.9003860415226045e-05,0.3570009469985962
56,only_1_adjective_1,0.7064747363395102,-0.027218045112781954,0.14532586062239725,3,-0.5403315935954702,0.5662653717091786,0.00021144258290269562,0.4348975718021393
57,hire_1_verb_1,0.7221484883503848,-0.044930886341632045,0.1501090591706732,3,0.002814514910052246,0.3460539338027431,1.3612183448673901e-05,0.3081640303134918
58,gain_1_noun_1,0.6797935429548377,-0.7087218045112782,0.2802325583717198,4,-0.47407237771590793,1.048267016034253,0.00014519662345252162,0.3658948242664337
59,refuse_1_verb_1,0.6990821467535865,-0.36491228070175435,0.19695452131467298,1,-0.318549942150514,0.6962016764595944,0.0001433816656593,0.4520885050296783
60,able_1_adjective_1,0.7217911133255759,0.24195488721804512,0.16455981678610782,2,-0.3722464224789084,0.9699729505468113,0.0001533639335216478,0.37109652
61,reading_1_noun_1,0.660641662536649,-0.044930886341632045,0.16578488377996864,2,0.35978250848823645,0.9728080860147159,3.720663475970866e-05,0.4193072319030761
62,dust_1_noun_1,0.6941106188156121,-0.044930886341632045,0.15604425622939683,2,0.8760282563493176,0.5651847355481028,4.9003860415226045e-05,0.2963215410709381
63,permanent_1_adjective_1,0.6830055283477237,-0.14987468671679194,0.19695452131467298,1,-0.3319202532757095,0.4441763271962298,3.7206634759708665e-05,0.36555377
64,popular_1_adjective_2,0.7399683028658599,-0.1948203842940685,0.12137764517145,3,-0.36143192542400504,0.028804041795028823,7.532074841599559e-05,0.39671955
65,complete_1_adjective_1,0.7014866996136864,-0.41578947368421054,0.2507388834966505,4,-0.23343443218840676,0.11860881276183033,0.00012613956662437816,0.4056045
66,ordinary_1_adjective_1,0.6886747055224484,-0.29248120300751884,0.15002163604906255,2,-0.5806835780508193,0.29394233042577156,6.896839613994778e-05,0.3666642606258392
67,mild_1_adjective_1,0.7160892959155307,-0.044930886341632045,0.10721648922221738,2,-0.43578850730229757,0.0036046339965407626,5.172629710496083e-05,0.4272975623607635
68,substitute_1_noun_1,0.6120748863003841,-0.2699248120300752,0.33172871595053793,4,0.06534024396843519,0.08456124690055411,4.718890262206952e-05,0.3026386499404907
69,arrive_1_verb_1,0.7389925045435938,-0.18962406015037592,0.2342612089247277,5,0.10684890463040464,0.5564919289494696,0.00012250965103806512,0.46284956
70,nonsense_1_noun_1,0.6778888475500473,-0.014436090225563903,0.0871244898964415,2,-0.02939218034066382,0.08349307409847917,2.0872014621299982e-05,0.36456358
71,instrument_1_noun_3,0.6914193511763573,-0.07563909774436094,0.21888753270829417,4,0.38978765010460403,0.7097994735689168,7.622822731257385e-05,0.4036964178085327
72,sick_1_adjective_1,0.6972016418904096,0.2524644945697577,0.1992290460605184,3,0.13690882100099788,1.626397826912295,5.354125489811735e-05,0.3565699756145477
73,hail_1_noun_1,0.6994118547601732,-0.044930886341632045,0.3661498170133861,6,0.6311544142636185,0.06557378231858912,6.80609172433695e-05,0.25533605
74,world_1_noun_1,0.7193759687315096,-0.5117794486215539,0.09632854444931109,3,0.33096559126501646,0.7436171036851018,0.0002822259368357217,0.3500521
75,teach_1_verb_1,0.7339065742733035,0.10258980785296573,0.10576076306159105,2,-0.09236797209821157,0.8545640505777445,0.00017695838483272602,0.41443115
76,imaginary_1_adjective_1,0.6835799028725125,-0.30661654135338345,0.19695452131467298,1,-0.43790006405349047,0.7140972531011824,1.179722565551738e-05,0.34533134
77,partial_1_adjective_1,0.6833474859742652,-0.4401503759398495,0.16685861256410436,3,-0.3333906725995597,0.12246081093422934,4.265150813917822e-05,0.40813902
78,rush_1_noun_1,0.650570676468005,-0.044930886341632045,0.2565271364881939,4,0.13945324481565802,0.3884228490382444,0.0001706060325567129,0.4068776369094848
79,social_1_adjective_2,0.6663530361189091,-0.1299248120300752,0.07337500064335561,2,-0.3391834196904724,0.5896958653758828,3.9929071449443445e-05,0.3026320338249206
80,friendly_1_adjective_1,0.7395383501441973,-0.35248120300751873,0.06398623298649186,2,-0.3178396329189104,1.499988102488329,7.25983117262608e-05,0.4322009086608886
81,golden_1_adjective_3,0.6888564555879227,-0.740751879699248,0.2307633868985074,4,-0.2506587085191838,1.4872612821421995,5.081881820838256e-05,0.35361886
82,bare_1_adjective_2,0.7010593514109817,-0.06883876357560567,0.23846619197457042,3,-0.11263449135064141,0.4005991648509193,4.174402924259997e-05,0.4338744282722473
83,scope_1_noun_1,0.7186478632005681,-0.6058479532163743,0.14513878685518503,3,0.04442214805048561,0.3831638238197339,1.2704704552095641e-05,0.3380979001522064
84,night_1_noun_1,0.7066809913630817,-0.044930886341632045,0.1279668775094711,2,0.5501247972126122,0.5570578410437692,0.00019873787835063037,0.35488763
85,person_1_noun_1,0.6771532716587381,0.20932330827067663,0.32116973909152774,3,0.20745453662205282,0.5820125829272165,0.00034574945959613476,0.46122682
86,tree_1_noun_1,0.7143077131374858,-0.47999999999999987,0.19695452131467298,1,0.9706645616646989,0.33383916427418026,0.0001524564546251,0.3409065008163452
87,family_1_noun_2,0.6629731604309557,0.08345864661654134,0.11162481740291708,2,0.45408024568682626,0.4338509490872706,0.0001942004838676956,0.3850617408752441
88,city_1_noun_1,0.6885270465448757,0.17639097744360901,0.07261105330681078,2,0.529265508029757,0.01613413890109605,0.00015064149683190867,0.37959972
89,drag_1_verb_1,0.77813949073835,0.4083542188805346,0.19695452131467298,1,0.5657668046874589,0.0751474937413743,3.7206634759708665e-05,0.4459584057331085
90,cool_1_adjective_2,0.7263091464659328,-0.27699248120300746,0.20622860902716342,4,-0.1315224377216606,0.8829087461703535,4.5373944828913005e-05,0.3752403855323791
91,motion_1_noun_1,0.7209969860785812,0.12601503759398497,0.25430169755985593,3,0.15794457633597458,0.2477009224904787,6.080108607074343e-05,0.397293746471405
92,freeze_1_verb_1,0.7165056381656055,0.19533834586466164,0.184860244649408,3,0.6424251346632532,0.1715782085243971,1.996453572472172e-05,0.4413394033908844
93,bore_2_verb_1,0.685245945737025,-0.044930886341632045,0.3763748079470967,6,0.004498553562741314,1.2298679031368778,4.08365503460217e-05,0.4311312735080719
94,prize_1_noun_1,0.6658788151934828,0.25774436090225566,0.2722470318772197,4,-0.02609847674619825,0.8756351782175091,8.439553738177818e-05,0.3509198
95,universe_1_noun_1,0.6666075508888464,0.031127819548872178,0.09655568413126892,2,0.17910440246627468,1.1617786576886164,2.540940910419128e-05,0.24865171
96,familiar_1_adjective_2,0.6999500072969573,-0.43699248120300754,0.07274601324178576,2,-0.3241513347570675,0.7456484296821237,5.081881820838257e-05,0.4548660516738891
97,accurate_1_adjective_1,0.750108972254498,0.026466165413533825,0.19695452131467298,1,-0.5340651606549658,0.6353654969984497,1.996453572472172e-05,0.30889595
98,home_1_noun_1,0.7090898492686352,0.5106098579782791,0.2156700389420445,3,0.5258357282549122,0.838520208724141,0.0001388442711764738,0.4048886895179748
99,apparent_1_adjective_1,0.734552779384845,-0.33729323308270676,0.12366926571479625,2,-0.1507948690420533,0.03851915039019982,3.9021592552865185e-05,0.3588428
100,previous_1_adjective_1,0.630715578304468,0.48736842105263156,0.39448887622081563,2,-0.44134596694942463,0.005191934548139265,3.5391676966552145e-05,0.4262878
101,certain_1_adjective_1,0.7256109264210383,-0.044930886341632045,0.13315603276572952,2,-0.8156008581035201,0.4902294622662051,0.0002187024140753521,0.4491536021232605
102,ability_1_noun_2,0.7697308383900078,-0.5781954887218046,0.08200812874206376,2,-0.39773644847924583,1.0808592201892608,3.6299155863130405e-05,0.36636555
103,wild_1_adjective_3,0.6907718514786437,-0.044930886341632045,0.18292520055013944,4,-0.13802072917383423,0.657972555495669,0.00016969855366013464,0.3779892325401306
104,secret_1_adjective_1,0.6855411651286804,-0.1464661654135338,0.08024608683948015,2,-0.059750888426585824,0.5697687406391028,0.00015790132800461726,0.3673693
105,arm_1_noun_1,0.6739356892317078,0.6813533834586466,0.3425047875637756,6,0.9578742971567955,0.1560130554902308,0.0004101804612533694,0.4814328
106,poor_1_adjective_2,0.773134226169114,-0.21999999999999997,0.18510439069239257,3,-0.43894068099143935,1.5082847716090733,0.0005009283509111043,0.48848835
107,number_1_noun_2,0.6982911680491775,0.3141353383458646,0.32476782844657515,6,0.07997997497791953,0.15280979167692443,0.00026044644331792605,0.4423896968364715
108,fury_1_noun_1,0.7565466666448732,-0.4153717627401837,0.12260133304682475,2,-0.1771317934627925,1.6123857538964534,5.172629710496083e-05,0.400116890668869
109,demand_1_verb_1,0.7214643412304249,0.40842105263157896,0.16376638131877885,2,-0.015716534764064427,0.23099428707641767,0.00015154897572848693,0.47568884
110,faint_1_adjective_1,0.7004070765315753,-0.5069340016708437,0.2642955801703409,3,-0.1869657767724373,0.20427017826750937,0.00010073015752018688,0.35546032
111,evening_1_noun_1,0.6875749367219088,0.07086466165413537,0.19695452131467298,1,0.5084067821635765,0.5426320387378247,0.0001070825097962,0.4294270575046539
112,leading_1_adjective_1,0.7082884941027509,0.02439431913116119,0.19695452131467298,1,-0.3301320511673431,0.4283804980489663,2.903932469050432e-05,0.4960019886493683
113,limited_1_adjective_1,0.6790824632012754,-0.044930886341632045,0.19695452131467298,1,-0.28541454599349203,0.13882052505611497,2.8131845793926066e-05,0.3659992218017578
114,score_1_noun_2,0.5641504920604092,-0.20661654135338345,0.19695452131467298,1,0.2700079916191589,0.1767157717877561,1.6334620138408683e-05,0.4620562791824341
115,western_1_adjective_1,0.7203075612974024,0.6048120300751879,0.17100731666263486,2,-0.03803720054937587,0.39667178030291517,4.08365503460217e-05,0.3361810147762298
116,model_1_noun_1,0.6982174131933057,0.2001503759398496,0.23700655824901107,6,0.21917268392444322,0.7521616877234036,5.8078649381008644e-05,0.3441309332847595
117,correct_1_adjective_1,0.7292051298081952,0.13999999999999999,0.13825911258020201,2,-0.49285961960141966,1.0535356456676563,6.261604386389994e-05,0.3455402
118,suspect_1_verb_1,0.7497598313037105,-0.30601503759398496,0.19487805684036882,3,-0.6723642936355141,0.08744996908194214,8.711797407151297e-05,0.4613400399684906
119,value_1_noun_1,0.7142349323031663,-0.3245112781954887,0.1891340147869248,3,-0.688896426983483,1.0239606701675505,0.00012160217214148685,0.3854154348373413
120,sense_1_noun_2,0.7070743494551799,-0.6469172932330827,0.3030995241949859,6,-0.19756936674060288,0.7457593413790944,0.0002658913166974302,0.3841678
121,figure_1_noun_4,0.7217709229087474,0.2568086883876357,0.2802261380658546,6,0.5279753433736554,0.41887294245835527,0.00012613956662437816,0.3641943633556366
122,polish_1_verb_1,0.7296350582360352,0.47151211361737677,0.25578406723989,3,0.5964125495776642,0.3670814419038768,2.72243668973478e-05,0.4152371883392334
123,sketch_1_verb_1,0.7499516337820394,-0.3348872180451127,0.20924162219729614,3,0.5306180565205225,0.6263774755292149,7.441326951941733e-05,0.42861137
124,estate_1_noun_2,0.678563952040262,-0.5240601503759398,0.20254580417865398,4,0.08498702211373432,0.36725482076993377,4.5373944828913005e-05,0.28495738
125,failure_1_noun_1,0.7146805580569866,-0.22339181286549703,0.19695452131467298,1,-0.30330157209237285,0.879211696389147,2.2686972414456502e-05,0.3496798276901245
126,sentence_1_noun_1,0.729726447300317,-0.21984962406015032,0.3131593220677201,3,0.20173905979599605,0.15497007778810534,7.259831172626081e-05,0.38762084
127,history_1_noun_1,0.6432828052937243,-0.08471177944862153,0.14121372915901312,3,-0.19092062689700917,0.37361505967132924,0.0001932930049711694,0.3665714
128,price_1_noun_2,0.6242691599569503,0.06511278195488719,0.17423671947308877,2,0.14572999082746474,0.5376358514940893,4.718890262206953e-05,0.3467333912849426
129,fault_1_noun_2,0.6485877609251791,0.016842105263157825,0.15160385764356304,2,-0.4224176287901229,1.1191667863714883,6.806091724336951e-05,0.3922443985939026
130,request_1_noun_1,0.6736486410514444,-0.16315789473684209,0.09526349092949338,2,-0.14936460739655333,0.034654676325114764,8.530301627835645e-05,0.36238524
131,poverty_1_noun_1,0.6764644088980947,0.0117293233082707,0.1325268022860851,2,-0.35648249928347564,1.7246722910533427,5.7171170484430384e-05,0.2543913
132,guest_1_noun_1,0.6935639472644345,-0.044930886341632045,0.09356830367784025,2,0.4491960104296391,0.7971606653404333,3.2669240276817365e-05,0.36295285820961
133,mistake_1_noun_1,0.6230704727740681,-0.10225563909774434,0.17621358308318952,2,-0.40891346866691825,1.2234197233389508,0.0001252320877277999,0.4008649
134,contrast_1_noun_1,0.717552740581337,-0.42736842105263156,0.09746542271942932,2,-0.2594628412887454,0.29876434516696726,5.081881820838257e-05,0.38706586
135,brain_1_noun_2,0.7048436964046888,-0.6133834586466165,0.22609583974632377,3,-0.2582911630317106,0.9332731814804198,6.533848055363473e-05,0.35181692
136,advice_1_noun_1,0.7603265853585375,-0.044930886341632045,0.1511429265398729,3,-0.24674026951783068,0.7110089166268878,6.624595945021299e-05,0.3715659
137,reality_1_noun_2,0.7123129177660951,-0.19465329991645777,0.048829649269097886,2,-0.26492551028497546,0.5205348300860138,4.3558987035756485e-05,0.40805462
138,result_1_noun_1,0.7427227454647787,0.11954887218045114,0.196806680557806,3,-0.25556301985029517,0.15507094949015698,0.00016516115917724337,0.39376992
139,hall_1_noun_3,0.716853565995079,-0.1116123642439432,0.14636402742025376,4,0.6369876414523303,0.22762794243006645,7.25983117262608e-05,0.37687197
140,memory_1_noun_2,0.7097663243381569,-0.14842105263157893,0.1424866890936647,2,-0.16789861556463936,0.7301028041033053,6.443100165705647e-05,0.3543975
141,region_1_noun_1,0.7031707854641127,-0.2763157894736842,0.144592061745422,2,0.42631577712190927,0.0016930868235283114,5.263377600153909e-05,0.35753
142,circle_1_noun_2,0.674639450086031,-0.044930886341632045,0.2655123899290664,3,0.018635086993537886,0.29862050662820927,7.622822731257385e-05,0.4468673
143,gift_1_noun_1,0.6688886600650357,-0.1779448621553884,0.2374956679477559,2,0.20199036663422287,1.060057014853915,6.987587503652603e-05,0.374216079711914
144,offer_1_noun_1,0.6969275184270662,-0.04962406015037589,0.18636826984720867,3,-0.3602383928476107,0.6111520729136215,0.00021053510400605646,0.4451319873332977
145,flesh_1_noun_1,0.6637432597927387,0.7669172932330826,0.19695452131467298,1,0.692035682786794,0.053030707133204125,4.8096381518647785e-05,0.3538796305656433
146,severe_1_adjective_1,0.7910382396451991,-0.1377443609022556,0.183961815995382,3,-0.4771460051026555,0.9631893764673718,5.2633776001539084e-05,0.3976497
147,surprise_1_noun_2,0.5359731661626516,0.21518796992481198,0.30394170829328854,3,-0.015035998917555915,0.15549216687217093,9.619276303729556e-05,0.36395857
148,hand_1_noun_1,0.7014059538127431,-0.044930886341632045,0.2989442552369204,8,1.0154715627642092,0.2806601113835443,0.00023503703421376513,0.49904564
149,actual_1_adjective_1,0.7238294977939018,0.23609022556390977,0.19695452131467298,1,-0.5883779600873664,0.9331935117135854,4.628142372549127e-05,0.3372767269611358
150,chief_1_adjective_1,0.7617240990052755,0.20315789473684212,0.23409193489461294,2,-0.3716965579453717,0.23051486246796493,0.000239574428696613,0.4251339
151,abandon_1_verb_2,0.7539984149184507,-0.601203007518797,0.24951184982221805,4,-0.06250414376191316,0.22342705133548257,4.174402924259996e-05,0.43397072
152,knock_1_verb_1,0.6560667128758078,0.6909774436090225,0.3031827046705173,6,0.837418446901308,0.019650978016797715,4.718890262206952e-05,0.35355312
153,issue_1_noun_4,0.6238621325937407,-0.27939849624060153,0.32922810905396216,5,-0.09075214688572242,0.14996860610621088,6.715343834679124e-05,0.3430687487125397
154,bed_1_noun_3,0.7064771088266183,-0.044930886341632045,0.25540336576066125,5,0.9058769514574685,0.4830417188027569,8.258057958862166e-05,0.4027848243713379
155,steady_1_adjective_1,0.6709795400403418,-0.044930886341632045,0.17667468344092846,2,-0.01691948150058975,0.5801162219569402,3.9021592552865185e-05,0.4136089384555816
156,powerful_1_adjective_1,0.7520228748670802,-0.41879699248120306,0.19695452131467298,1,-0.24525853225114957,0.26349984691805695,0.0001025451153133,0.39907286
157,original_1_adjective_1,0.6920348516400068,-0.45819548872180443,0.19535224665940437,4,-0.4155291055754975,0.6285513347384093,0.00010436007310649992,0.3693738281726837
158,alive_1_adjective_1,0.6862604225128652,-0.21879699248120293,0.2369776696502903,4,0.22518948527847016,0.4090370988342418,5.9893607174165164e-05,0.37800738
159,education_1_noun_1,0.6963279088351363,0.43759398496240587,0.19695452131467298,1,0.12013282576501139,0.618657934957378,8.984041076124775e-05,0.30717978
160,song_1_noun_1,0.733123333722881,0.37338345864661654,0.15185101508536847,2,0.44118324474350823,0.7693877517695009,0.00015154897572849997,0.32858342
161,criminal_1_noun_1,0.6633301130044476,0.6033082706766917,0.23350368754667503,3,0.2145381881483095,1.3308544224440353,8.530301627835645e-05,0.34374434
162,lock_1_verb_1,0.7483441841005934,0.7057142857142857,0.30406780125649613,6,0.7152884815768608,0.13964078452445516,5.717117048443038e-05,0.4751322567462921
163,thing_1_noun_1,0.7119586229206405,0.2944360902255639,0.2172556701654703,4,0.023348225213446483,0.43446617719972114,0.00020690518841984327,0.499576210975647
164,practice_1_noun_2,0.700197636274572,-0.13007518796992484,0.19686200129134343,3,-0.11515798439115965,0.0001814193960649746,0.00015517889131488248,0.40046996
165,receive_1_verb_1,0.749471201006438,-0.044930886341632045,0.21229063316010666,7,-0.163898215711912,1.0674526020136108,0.00041653281352932594,0.44004214
166,personal_1_adjective_2,0.7205949490206323,-0.1419548872180451,0.15469280962763568,4,-0.24128964616057758,0.4740063190342694,9.710024193387382e-05,0.3450134992599487
167,give_1_verb_1,0.7310366105364339,-0.010075187969924793,0.2924123762680277,7,0.06900713208739706,0.645084533739607,0.00028041097904262164,0.4828408658504486
168,majority_1_noun_1,0.691033138676286,-0.2411027568922305,0.19695452131467298,1,-0.0885338443574697,0.014002500683038654,7.804318510573037e-05,0.3448627591133117
169,treatment_1_noun_1,0.6674222698244099,-0.044930886341632045,0.17425473537007152,2,-0.05406026883130277,0.01762296348514969,2.813184579392606e-05,0.3710592687129974
170,carry_1_verb_1,0.7578472595438683,0.3699248120300751,0.3351360059777187,8,0.5275317635008436,0.36075735595493263,0.00015427141241830422,0.4886745810508728
171,likely_1_adjective_2,0.7517545524618023,-0.2350375939849624,0.0738583914360172,3,-0.8960864984171133,0.16133154423538976,0.00012523208772779987,0.33674875
172,easy_1_adjective_1,0.737522024058739,0.3025563909774436,0.16485228052033762,4,-0.35802156987784217,0.9635484083004116,0.00013521435559016076,0.4066634774208069
173,daily_1_adjective_1,0.7258246248891012,-0.044930886341632045,0.08246246508060273,2,-0.42539388355630914,0.1778439877946676,6.170856496732169e-05,0.3626611232757568
174,attempt_1_noun_1,0.6967159397037835,0.08721804511278193,0.08891374910804445,2,-0.17859266661378204,0.05209193394782474,0.00021779493517871295,0.36627328
175,silence_1_noun_1,0.694490968348042,-0.044930886341632045,0.20073892644195018,2,-0.041909076387097954,0.08446806755877923,0.00011434234096886078,0.37723973
176,select_1_verb_1,0.720865151716063,0.1269172932330827,0.18316726924501248,2,0.03952917539585599,0.4851362117158411,5.2633776001539084e-05,0.4469341
177,bury_1_verb_2,0.7244122069515985,-0.27789473684210525,0.04853511557074225,2,0.4954301489130728,0.38869882536511113,3.448419806997388e-05,0.40885153
178,want_1_verb_3,0.582440477631484,0.0732330827067669,0.3076866776213767,5,-0.36038463339831805,0.43932175107487303,0.00011797225655517381,0.45833883
179,repair_1_verb_1,0.7232276608742757,-0.18421052631578944,0.21084252568832326,3,0.1335644655585293,0.5046119034327896,3.811411365628692e-05,0.3959894180297851
180,fade_1_verb_1,0.7072095536082608,0.21578947368421053,0.26558045136692743,4,0.09641699097478185,0.33007035641874705,4.2651508139178225e-05,0.3786578476428985
181,afford_1_verb_1,0.6458532575301457,0.48135338345864653,0.23075301647533797,2,-0.0795265202213784,0.33952142614888015,0.0001778658637292565,0.3923155
182,send_1_verb_1,0.7327448226091532,-0.01624060150375939,0.19395617377528135,2,0.23494255687211218,0.4132324992334615,0.0002522791332486608,0.5056187
183,cell_1_noun_1,0.6936991686862073,-0.044930886341632045,0.2535561929730728,3,0.4299824004485133,0.5979849551675525,2.359445131103476e-05,0.2382586300373077
184,hint_1_noun_1,0.722193679318727,-0.02932330827067664,0.14163872536408026,3,-0.08544844895580939,0.20409254799587995,3.448419806997388e-05,0.45691296
185,threat_1_noun_1,0.6873800316438164,0.2858813700918964,0.19695452131467298,1,0.12895934527331754,1.7375511491317743,1.7242099034986943e-05,0.3584270179271698
186,exile_1_noun_1,0.6331130082297974,-0.044930886341632045,0.1396136094511889,2,-0.08140888064288898,0.02253134501240517,2.5409409104191282e-05,0.34869957
187,glow_1_noun_1,0.7661248255250344,-0.48045112781954885,0.060711728973101564,2,0.4013445115533236,0.554321571304107,3.5391676966552145e-05,0.3280605
188,window_1_noun_2,0.6592861303191916,0.4536340852130325,0.19459832504188487,3,0.9620861566340109,0.1915143186429793,9.98226786236086e-05,0.3332287669181824
189,evidence_1_noun_1,0.7070705115037216,-0.31142857142857144,0.19695452131467298,1,-0.1791243414890955,0.3441956173740772,6.715343834679125e-05,0.3284662961959839
190,praise_1_verb_1,0.7463864802427096,-0.4219548872180451,0.1866403662717206,4,-0.3132376122231042,0.7456997308528539,0.0001252320877277999,0.47040623
191,judge_1_noun_1,0.7722479109558114,-0.0377610693400167,0.18813588245932458,3,0.2236347533008063,0.3686845474581588,0.00029402316249127383,0.34546515
192,island_1_noun_1,0.6205360527796177,-0.1765413533834586,0.0770117678748129,2,0.8362104851291718,0.8714438330136769,0.00010436007310649991,0.3716204166412353
193,strain_1_verb_1,0.6470170335297034,0.02124060150375942,0.3202882782736201,5,0.03526848626323842,0.8986097691137385,5.989360717416516e-05,0.4448564648628235
194,lower_2_verb_1,0.6724450389009611,-0.044930886341632045,0.1494614328994575,2,0.2815464472337439,0.05178992884486622,1.633462013840868e-05,0.5114996433258057
195,meaning_1_noun_1,0.6962384645575145,-0.26751879699248116,0.19695452131467298,1,-0.07031052790062109,0.1809699339195685,6.533848055363473e-05,0.3481978178024292
196,mention_1_noun_1,0.6721716267646489,-0.22225563909774432,0.10003339256399729,2,-0.0155869129500803,0.491911741316561,0.00015790132800453912,0.37582776
197,disgust_1_noun_1,0.6993483520346004,-0.044930886341632045,0.19695452131467298,1,-0.3028053288401664,1.7897962834425485,1.270470455209564e-05,0.2568508386611938
198,rescue_1_noun_1,0.7207993231229215,-0.28436090225563904,0.06693521932799373,2,-0.1111519945239654,0.8440189498841315,4.3558987035756485e-05,0.34232262
199,lighter_2_noun_1,0.5768050613171682,0.2994152046783626,0.15716515495975952,2,0.7546669569183848,0.1612498266352569,1.270470455209564e-05,0.40608087
200,success_1_noun_1,0.7229510726962675,-0.42030075187969923,0.13222139667237381,2,-0.3770212777164814,0.4538258425604562,0.00014247418676278684,0.37755904
201,tribute_1_noun_1,0.6869082228092525,-0.4778613199665831,0.20099584572976656,3,0.09012634627972371,0.3244395537508904,2.903932469050432e-05,0.3074212
202,foster_1_verb_1,0.7480143453320524,-0.004661654135338311,0.18613113687681676,2,-0.2913507195479146,0.5731268793335511,1.542714124183042e-05,0.4565303
203,acquire_1_verb_1,0.7486727138920479,-0.3455639097744361,0.11214325865836366,2,-0.07860281584391027,0.5517110126448133,0.00010163763641676514,0.40895808
204,pride_1_noun_1,0.7250260529625661,-0.7938345864661653,0.17465127979273198,4,-0.427327742800617,1.264889841663475,0.00015880880690119552,0.298586905002594
205,compare_1_verb_1,0.70493756471535,0.10105263157894737,0.19695452131467298,1,-0.14023774167081138,0.032608328754900384,6.0801086070743424e-05,0.4536124467849731
206,ceremony_1_noun_1,0.7120512645857335,-0.42556390977443603,0.1100710537105084,2,0.028229812069061833,0.7090437672660528,3.357671917339562e-05,0.31535077
207,laugh_1_noun_2,0.652031504438749,0.252297410192147,0.17124137127274833,3,0.08749581958342745,1.3383140115267196,0.00013793679227988695,0.34652176
208,attend_1_verb_1,0.6912986218009829,0.022406015037594006,0.28459069898316663,4,0.09149558340185227,0.7145046071247778,0.00020599770952326504,0.48732474
209,grant_1_verb_1,0.7174112599095988,-0.26887218045112776,0.3382735982448211,3,-0.2015751349538326,0.11974838501726559,0.00013249191890042598,0.49629351
210,prepare_1_verb_1,0.7282402807997629,-0.07654135338345863,0.1259270763838567,2,-0.1798939675828235,0.38210261153971636,0.00016062376469435204,0.5114485
211,bring_1_verb_1,0.7279055802700363,-0.1657142857142857,0.2162301832610356,3,0.2176993387104873,0.3566921483173866,0.00022596224524791298,0.4913966953754425
212,allow_1_verb_1,0.7314720921097821,-0.044930886341632045,0.17410066774921262,3,-0.31765612261682374,0.4756541390052025,0.0001433816656593651,0.451054
213,supply_1_verb_1,0.7555549181386474,0.08240601503759395,0.20286104768033644,4,0.029055558899218514,0.5258142782304995,0.00014973401793541292,0.449042
214,reveal_1_verb_1,0.7190474291773109,-0.40090225563909765,0.19265477995770675,3,-0.15866889888138402,0.14220563086159466,5.263377600153909e-05,0.4076447486877441
215,writing_1_noun_1,0.7153652888620428,-0.044930886341632045,0.0639636432778849,2,0.26842130581707613,0.8802679494369148,5.081881820838257e-05,0.45639318
216,invite_1_verb_1,0.6808243104551912,0.29624060150375936,0.15109095985981025,2,-0.1278433404743402,0.9062100144349436,6.352352276047821e-05,0.47274005
217,ladder_1_noun_2,0.6205948002376134,-0.044930886341632045,0.07747057494508541,2,0.8868522245208452,0.12944772503054747,1.633462013840868e-05,0.2837398648262024
218,candle_1_noun_1,0.6775835022976698,-0.044930886341632045,0.1313819657130046,2,0.8228905006024911,0.3173961611659326,1.542714124183042e-05,0.32053873
219,penalty_1_noun_1,0.7005769655574242,0.09857978279030909,0.16322413951761056,2,-0.15516845967172355,0.962939512769756,2.26869724144565e-05,0.31910414
220,guidance_1_noun_1,0.7640741869604077,-0.24421052631578938,0.19695452131467298,1,-0.12738261073152168,0.5764625762596145,1.36121834486739e-05,0.3356341123580932
221,apology_1_noun_1,0.7008968779615135,-0.5448621553884712,0.1675215602228499,3,-0.5367474928202522,0.314127279212129,2.631688800076954e-05,0.27409965
222,behalf_1_noun_1,0.6588407497902886,-0.45383458646616537,0.07597850502649961,3,-0.279233714514342,0.6550840007681717,2.631688800076954e-05,0.3561746
223,shoulder_1_noun_2,0.7102480881154736,-0.47117794486215536,0.27756155559770856,3,0.7926297044467212,0.12370598694525636,4.5373944828913e-05,0.4359599947929382
224,length_1_noun_3,0.6576484774390144,-0.044930886341632045,0.3302789611620144,5,0.7684436850502792,0.09182277351618673,0.0001179722565551738,0.502740204334259
225,wheel_1_noun_1,0.703494142810021,0.4912781954887217,0.2862178824745055,6,0.9552869447103545,0.012882458090746063,4.5373944828913e-05,0.44024718
226,affect_1_verb_1,0.7308480817551628,0.016090225563909773,0.19517764413800553,2,-0.3016586304389306,0.22935473745361445,0.00013158444000384772,0.3997691571712494
227,leave_1_verb_1,0.7323643449153474,-0.044930886341632045,0.294635145161047,5,0.10274649715592465,0.22775792136060602,0.00023231459752403458,0.5176624
228,effort_1_noun_2,0.6629799906283779,-0.26416040100250626,0.2456742241739881,2,0.07839585030563212,0.036101430878523466,0.00011978721434833033,0.4036348
229,follow_1_verb_1,0.7001364316121773,-0.12646616541353384,0.2774103376070288,5,0.08411405884359713,0.028662215704086336,0.00024683425986928676,0.4802233
230,pulse_1_noun_1,0.6382558170988797,-0.044930886341632045,0.24420892623609589,3,0.5883451899487318,0.07328422505606547,1.905705682814346e-05,0.3130097687244415
231,leader_1_noun_4,0.6707990736708348,0.3148496240601504,0.1346455756423367,2,0.5809800430580836,0.2217101027459769,4.0836550346021705e-05,0.334281861782074
232,change_1_noun_1,0.7834294111307616,-0.044930886341632045,0.27326344060795904,5,-0.19491272739416932,0.06729042085755488,0.0002087201462129086,0.39891452
233,extend_1_verb_1,0.6861568021198663,0.29757727652464494,0.2584101852570124,3,0.050361330767005,0.1152512109817092,0.00014247418676278681,0.39929748
234,weigh_1_verb_1,0.6967377504116936,0.06721804511278198,0.1191239519894175,2,0.12020544216489926,0.25699182996250247,3.539167696655214e-05,0.4830821
235,dance_1_verb_2,0.7256654849815206,0.15218045112781955,0.13412590266766253,3,0.558231352921188,0.6656695979851968,0.0001043600731064999,0.41230935
236,pain_1_noun_1,0.6928299610370205,-0.26616541353383455,0.30758231856711465,3,0.021584685024052863,1.411438017372081,0.00012069469324490859,0.37260276
237,material_1_noun_2,0.7068223324241678,0.20384294068504596,0.22519074512811024,4,0.4554139619829365,0.47354759004355795,6.533848055363472e-05,0.39614016
238,content_1_noun_1,0.7317737936744337,-0.6399331662489556,0.18379437012744282,4,-0.5635422167292021,1.5087285959993277,6.896839613994776e-05,0.501674
239,paper_1_noun_1,0.7030209202316617,0.49338345864661654,0.21540303253786988,4,0.9218308968675983,0.31072813686988443,0.00018331073710880854,0.3851430714130401
240,noise_1_noun_1,0.7360122465565524,-0.044930886341632045,0.19354659725740303,2,0.43090448596810926,0.41274846499387685,7.713570620915211e-05,0.3732216656208038
241,threaten_1_verb_1,0.7354735836126565,0.17510442773600668,0.16551454052297998,2,0.021846324082084756,1.761489277799444,6.715343834679125e-05,0.44585428
242,music_1_noun_1,0.7670797021155574,0.19714285714285706,0.059066069414774325,2,0.3017328581838954,1.0667239507414266,9.710024193387383e-05,0.36273277
243,shine_1_noun_1,0.7158970532456499,-0.044930886341632045,0.22902371137101613,4,0.5308258200164766,0.5676092079809791,9.256284745098254e-05,0.42713663
244,hunger_1_noun_1,0.6677963615669344,0.1178947368421052,0.09579406122474998,2,0.30376806656991784,0.04214796471077431,2.3594451311034762e-05,0.25616273
245,excuse_1_noun_1,0.6543422186017762,-0.5945864661654136,0.21804174013489988,3,-0.3731538225915405,0.09096753768378196,5.172629710496082e-05,0.3890065848827362
246,summer_2_noun_1,0.5552130601332712,0.013082706766917307,0.2295009003462385,2,0.4400385587899778,0.6915051575917399,5.3541254898117344e-05,0.3951883018016815
247,phrase_1_noun_1,0.709756025309021,-0.044930886341632045,0.19695452131467298,1,0.12511901572382422,0.18845196633697636,1.9057056828143463e-05,0.3755153119564056
248,sleep_1_noun_1,0.7312629305401759,-0.044930886341632045,0.06810339972826529,2,0.45384767870794906,0.8105524576159429,0.0001651611591772433,0.3430103957653045
249,visit_1_noun_1,0.5884014931771698,0.0796992481203007,0.27500168818074927,3,0.19801516954298126,0.5708667688563391,0.00016243872248750856,0.35319617
250,credit_1_noun_3,0.6925176585815758,-0.044930886341632045,0.24672813052498496,6,-0.2890879269790374,0.026479690369523468,6.533848055363472e-05,0.3598878085613251
251,glass_1_noun_4,0.6432067544116122,0.5428571428571428,0.1864429118440633,4,0.9909662124122596,0.46695538644193313,5.807864938100864e-05,0.3544778525829315
252,study_1_noun_3,0.6040015032255502,0.25458646616541347,0.4196961627297036,7,0.677965343138081,0.6152864045062447,0.00015971628579777378,0.286335676908493
253,wonder_1_noun_3,0.5937483695348643,-0.22646616541353387,0.37156756201237345,6,-0.3841748360057826,0.16879024255868735,0.00015064149683199115,0.29968488
254,scream_1_noun_2,0.7873882002451933,-0.05864661654135337,0.13069009757501795,4,0.5478139252470107,0.9060542751984082,2.903932469050432e-05,0.3642164468765259
255,object_1_verb_1,0.7347157171698285,0.22255639097744362,0.4034477005187897,5,-0.1206457753446295,0.5161818857458309,0.0004755189418069087,0.47235164
256,concern_1_verb_2,0.7573525915114814,-0.044930886341632045,0.19854962084167924,5,-0.4000335494140077,0.49211470784257294,0.00010163763641676512,0.46239933
257,deliver_1_verb_1,0.7439452235261123,-0.3324979114452799,0.24535005218569808,5,0.10883944100984078,0.3941165886605251,0.00010980494648596948,0.40646324
258,defeat_1_verb_1,0.6920354203637666,-0.3239766081871345,0.14583266805228434,2,0.09304774016342776,0.26180515944466975,5.898612827758691e-05,0.4151099
259,lake_1_noun_1,0.704920004038797,0.10526315789473682,0.12062604136562605,2,1.0059697280136648,1.0027907413400978,6.080108607074343e-05,0.35297123
260,pause_1_noun_1,0.673976579913217,0.026900584795321647,0.08729982037627587,2,0.07432745659427331,0.061415586891713225,0.0001134348620722825,0.3776615
261,amount_1_noun_1,0.6894860283250013,0.0461654135338346,0.18017902215689974,2,-0.1322472520051976,0.09184316257830805,8.439553738177818e-05,0.4545203
262,petty_1_adjective_2,0.6722458801281048,-0.18552631578947365,0.09256492435910929,2,-0.2932760331422539,1.0227955034432865,1.996453572472172e-05,0.338862
263,drama_1_noun_2,0.6882558031659214,0.08060150375939848,0.13162234232609316,2,-0.18358359204771624,0.18338100129899715,3.17617613802391e-05,0.29439807
264,officer_1_noun_2,0.7045388342500282,-0.1451127819548872,0.16593851244911817,3,0.44068001310538696,0.13590403481401303,0.00024229686538632605,0.436273992061615
265,period_1_noun_1,0.6918306838649204,0.16270676691729324,0.3064753223051445,5,-0.04213181272776634,0.01241258126938316,0.00019964535724716079,0.4031023383140564
266,belong_1_verb_1,0.662366867424932,-0.7509774436090224,0.1673180644128203,3,-0.10715705330655023,0.47854131448428117,0.00010073015752018686,0.44602352
267,admission_1_noun_1,0.7149971244331327,0.006015037593985006,0.19899334827693632,2,-0.21456088399419304,0.12280696498451604,2.4501930207613022e-05,0.34595302
268,precedent_1_noun_1,0.6837948941307264,-0.044930886341632045,0.06605495311836884,2,-0.012248352572858945,0.04951290977387934,1.451966234525216e-05,0.33320543
269,sky_1_noun_1,0.6752754916313157,-0.49909774436090226,0.19695452131467298,1,0.4293513424314428,1.2275339451735423,0.0002041827517301,0.3038867712020874
270,make_1_verb_1,0.7612829616183391,0.15443609022556387,0.27392244112571007,9,0.015346759840903612,0.6661273928968559,0.00022142485076509548,0.5035099983215332
271,bone_1_noun_3,0.6267327026666693,-0.05353383458646617,0.2397665701283377,3,0.7086384291601755,0.3851173897110769,4.08365503460217e-05,0.3361331224441528
272,proud_1_adjective_1,0.7131706569169872,-0.5042105263157894,0.17783192704265469,3,-0.40618616457201595,1.1195519921552073,0.00012704704552095642,0.39091262
273,slightly_1_adverb_2,0.6244687449550537,-0.044930886341632045,0.13544293629144655,2,-0.09837724679226767,0.0833242808198591,4.5373944828913e-06,0.32636905
274,same_1_adjective_1,0.7084456915029096,-0.27323308270676694,0.13978013305464693,4,-0.2350695939776566,0.42905467100530537,0.0002785960212494565,0.40036416
275,boy_1_noun_2,0.6774686251136273,-0.14601503759398496,0.13433089363900924,2,0.4517375687756249,0.45371240028796933,0.00014519662345251303,0.35539216
276,compensation_1_noun_1,0.6773677121767373,-0.044930886341632045,0.12073755647361424,3,-0.07623794395906769,0.34596832104482456,1.3612183448673903e-05,0.26496586
277,least_1_adjective_2,0.5948934309594731,0.07909774436090224,0.3162921705897837,3,-0.64985716719828,0.44668651567014894,0.00022596224524796513,0.3315988481044769
278,way_1_noun_2,0.6700114365395821,0.3554887218045112,0.33921665389445466,5,0.3571628277143404,0.22151789109987519,0.00012886200331411294,0.5407928824424744
279,roof_1_noun_1,0.6462150617887226,-0.06700083542188802,0.21161613125778783,2,0.691377214131272,0.062243217061261014,3.3576719173395625e-05,0.3544494807720184
280,rare_1_adjective_1,0.6721816331885926,0.11987110633727176,0.18901276611508439,2,-0.5011403843761202,0.29412633265676025,3.8114113656286925e-05,0.40183297
281,govern_1_verb_2,0.623428764569733,-0.21609022556390975,0.17253917612053377,2,-0.355610412245841,0.15354687722023375,6.35235227604782e-05,0.3132177
282,marriage_1_noun_1,0.7387471655174174,0.07142857142857144,0.122044090591447,2,0.4218132830671344,0.25808793918610284,0.00010617503089965644,0.33163214
283,active_1_adjective_2,0.6674960112982129,-0.18964076858813694,0.18660137582084588,3,-0.2780984405022191,0.44850462483523845,5.2633776001539084e-05,0.3812805712223053
284,here_1_adverb_1,0.6549713752434103,0.012030075187969913,0.20086774317078762,3,-0.36091734313450896,0.6626881479288329,0.0003076353459399825,0.4377028048038482
285,shock_1_noun_1,0.7163924880961747,0.11609022556390976,0.17682698374163058,5,-0.010449207062601218,0.6643969469775195,4.265150813917822e-05,0.3859315514564514
286,true_1_adjective_1,0.5952779069003868,-0.23082706766917288,0.2968933302164337,5,-0.6485706344191842,1.3411152469414809,0.00039656827780451293,0.352319985628128
287,escape_1_noun_2,0.6785520256052877,-0.044930886341632045,0.2768012971579681,5,-0.1278934304026187,0.31284028509436457,0.00013975175007305203,0.3960117399692535
288,vacant_1_adjective_1,0.6638351381524776,-0.3660818713450292,0.14489176872430537,2,0.2259581396517225,0.7138424706291264,1.451966234525216e-05,0.41068557
289,interior_1_noun_1,0.6916429307906677,0.45279866332497914,0.18669218205952876,3,0.4849111560991104,0.0934707408637463,2.177949351787824e-05,0.337741881608963
290,crooked_1_adjective_1,0.6927800320527416,-0.044930886341632045,0.13979885344240012,2,0.14838171329785377,0.778552635391156,8.16731006920434e-06,0.3628926873207092
291,spell_3_verb_1,0.605234090718149,-0.044930886341632045,0.19934314078395388,3,0.09991486964613117,0.497319665064067,3.6299155863130405e-05,0.5958177
292,bread_1_noun_1,0.7111772385360605,0.13590225563909775,0.07171917822312146,2,1.0819927397488183,0.8841878951718591,5.444873379469561e-05,0.2496439963579177
293,behave_1_verb_1,0.6892091471254038,-0.40484544695071,0.13692252047291043,2,-0.1212434958863633,0.17392089554971513,1.542714124183042e-05,0.3961106
294,terrible_1_adjective_2,0.7808226730973296,-0.23007518796992482,0.07427357132471252,2,-0.566705679549723,1.8404972416088712,4.809638151864779e-05,0.3625897
295,fit_1_verb_2,0.6794268577430371,-0.044930886341632045,0.3940624151572867,9,0.3037017341746888,0.5116350797679621,0.00012886200331411294,0.4825296998023987
296,tell_1_verb_1,0.7201784897322188,-0.40827067669172934,0.2810576024183129,4,-0.19804650763859133,0.44206627631871065,0.0001706060325567043,0.4966281354427337
297,top_1_noun_5,0.7015380063960132,-0.26917293233082706,0.3296311068509356,7,0.7772477009505385,0.20068638853482845,4.265150813917822e-05,0.3361671268939972
298,her_1_possessive determiner_1,0.7191732663516185,-0.21263157894736842,0.14524361769018243,3,0.19631307357205285,0.9474543092198733,0.00018331073710880857,0.3687153
299,possible_1_adjective_1,0.6603427426610226,0.0054135338345864484,0.16044791504922135,2,-0.6418789822633717,0.4834755865888267,0.00020509023062665214,0.47079793
300,experiment_1_noun_1,0.7436440885068755,0.5163533834586466,0.09617001201233027,2,0.08842127357823104,0.1660325663620057,7.259831172626081e-05,0.33974615
301,understand_1_verb_1,0.7576678771307609,-0.10275689223057645,0.10244998880794327,3,-0.25618624163309534,1.1645163038269217,0.00016425368028066508,0.35904482
302,modern_1_adjective_1,0.6662361992533733,0.4452798663324979,0.19695452131467298,1,-0.3721556337906615,0.6064716999722481,7.985814289888689e-05,0.3600702285766601
303,beat_1_noun_2,0.7080402868030101,-0.044930886341632045,0.38987403141809024,11,0.6990371173053269,0.3245220409189047,9.347032634756078e-05,0.4715729653835296
304,master_1_noun_3,0.704324906025175,-0.6477861319966584,0.2629753407707601,7,-0.008335492790520593,0.8818618001609551,0.0003702513898039217,0.4750474393367767
305,quick_1_adjective_1,0.7477542607293466,0.2996992481203008,0.10165041206686716,3,-0.06052472888761873,0.400165106201821,9.982267862360862e-05,0.4533436000347137
306,complaint_1_noun_1,0.7474787548325633,0.4735338345864661,0.1279873419378731,2,-0.1166032074836405,1.1150554476040275,1.633462013840868e-05,0.39355692
307,sudden_1_adjective_1,0.7173873375312404,-0.3545112781954887,0.19695452131467298,1,-0.28648381955703517,0.28995234433843287,9.0747889657826e-05,0.4079556167125702
308,regular_1_adjective_2,0.7916501019771751,-0.39465329991645776,0.14922692117458353,4,-0.44927140062228554,0.23181517019961628,5.89861282775869e-05,0.3840947151184082
309,strictly_1_adverb_1,0.7448480806207576,-0.3365413533834586,0.15890908366412543,2,-0.4698930036721807,0.47016938045140577,3.17617613802391e-05,0.3207694
310,describe_1_verb_1,0.7253459428724394,-0.24451127819548865,0.14760642699736704,2,-0.0431571119879921,0.578492314423527,6.896839613994777e-05,0.45543966
311,reasonable_1_adjective_2,0.7713063673140732,-0.19916457811194654,0.07922765141543969,2,-0.6706593511275645,0.7084001049079287,4.355898703575648e-05,0.3101687
312,feed_1_verb_1,0.7212120583257011,-0.044930886341632045,0.22046737500421532,4,0.4871985941439889,0.6624054778492185,4.900386041522604e-05,0.4293147623538971
313,conscious_1_adjective_1,0.6841242715535261,-0.044930886341632045,0.206613473759077,3,-0.039395523981513136,0.3706483720681959,3.811411365628692e-05,0.4018363
314,influence_1_verb_1,0.7601435253195746,-0.06962406015037592,0.17408494338659264,3,-0.3493083034952642,0.16924868589240027,0.0003130802193194434,0.4189322
315,small_1_adjective_2,0.7172646761998254,-0.1511278195488722,0.07217660002863169,2,-0.19873912652129277,0.3153509351439032,0.00015064149683194345,0.4651373326778412
316,apt_1_adjective_1,0.7168613712623969,-0.044930886341632045,0.152737854845012,3,-0.5600403857983127,0.6583024647287514,5.717117048443038e-05,0.35780957
317,collect_1_verb_2,0.7555149162336253,-0.044930886341632045,0.2752890435935234,5,0.10325153692283218,0.329027392099297,5.717117048443039e-05,0.4330708086490631
318,romantic_1_adjective_2,0.7072249493030366,-0.5425229741019214,0.10264419005825082,2,-0.3604024454836976,0.5771003013589757,1.633462013840868e-05,0.2962789535522461
319,depend_1_verb_1,0.7219653668073461,-0.05714285714285716,0.21678058841687964,3,-0.32999869570993035,0.1126618570115685,0.00012250965103806512,0.36136413
320,essence_1_noun_1,0.6944698512425129,-0.7617376775271512,0.19695452131467298,1,-0.3310256236115241,0.8420401438899505,1.451966234525216e-05,0.33422458
321,brother_1_noun_1,0.6505900345609912,0.07293233082706768,0.248243774803512,3,0.5885947489055092,0.7576460713221138,0.0004346823914608826,0.36759794
322,legitimate_1_adjective_1,0.7166881822979057,-0.025112781954887243,0.03518481709359861,2,-0.5015743585901276,0.29908017825094824,2.087201462129998e-05,0.3054637908935547
323,rest_1_verb_1,0.6924873638787715,-0.08406015037593983,0.3843835674534295,8,0.0669459659912155,0.5629370006705212,0.0002504641754555998,0.3611351251602173
324,spring_1_noun_4,0.6883399934682167,-0.0015037593984962418,0.4049649297546775,10,0.9800802006319422,1.0806736657752776,0.00013975175007305203,0.35154465
325,relative_1_adjective_1,0.6831495882820264,-0.6332497911445281,0.30424611923102457,4,-0.2728157690642714,0.00997437234217724,6.170856496732168e-05,0.371372252702713
326,pocket_1_verb_2,0.549256131767949,0.28872180451127816,0.3294150232551986,4,0.5998186608819878,0.28229716272754857,5.444873379469561e-05,0.369865745306015
327,book_1_noun_2,0.7329780998676918,0.3565413533834586,0.06901100301732781,3,0.7281791474419066,0.7730719551005611,0.00011797225655517382,0.3559990525245666
328,act_1_verb_2,0.6863705800673597,-0.044930886341632045,0.3267125016011746,8,-0.12479317301462922,0.1865359762397656,0.0003947533200115084,0.4404045939445495
329,building_1_noun_3,0.6509997645625396,-0.044930886341632045,0.2731917305494648,3,0.5300864183896778,0.18557461444220547,6.261604386389995e-05,0.31321034
330,weakness_1_noun_3,0.6386569526184613,-0.7586466165413532,0.1478226707373375,2,-0.3848313061758226,0.16113539479782624,6.715343834679125e-05,0.2882634699344635
331,whisper_1_noun_1,0.7083812985850633,-0.39984962406015034,0.08267682101570817,2,0.37622810753713054,0.007092120320619344,6.533848055363472e-05,0.41558415
332,meeting_1_noun_2,0.7193629675802173,0.28315789473684205,0.09993724789744896,2,0.32020433478268107,0.4179600804704151,4.900386041522604e-05,0.36084905
333,kind_1_noun_1,0.6589806077782095,-0.3318796992481203,0.25256008778621475,3,-0.01712634057867124,0.3206166023777177,0.00027859602124950865,0.46957076
334,lion_1_noun_1,0.6814815716622669,0.5795488721804511,0.15954598969590456,2,1.1132381012378136,0.30523777941276364,2.6316888000769542e-05,0.3495098054409027
335,kiss_1_noun_1,0.6370166288333374,-0.18827067669172934,0.2223231161016698,4,0.43588311851665074,1.3845026435847752,0.00010617503089965643,0.357469
336,lip_1_noun_1,0.6749464780068981,0.43398496240601514,0.22946279774061706,3,0.8847817277117209,0.2991993938656581,0.0001379367922798478,0.3712078034877777
337,mountain_1_noun_1,0.7473909903207476,-0.25363408521303255,0.16310911276298523,2,0.6056705626048613,0.32640393849736515,0.00013612183448666085,0.30879405
338,life_1_noun_2,0.6658656926423945,-0.044930886341632045,0.26744764468628,5,0.22218701414828024,0.34652522607142,0.0002785960212495259,0.3447139
339,witness_1_verb_1,0.68118972633071,-0.2638262322472848,0.28937008693616156,5,0.0886856457001639,0.2670357816570412,0.00012523208772779987,0.39363244
340,various_1_adjective_1,0.6882176779776432,0.07857142857142856,0.19695452131467298,1,-0.3464214501441214,0.04073364041917493,0.0001098049464859,0.3539659
341,ready_1_adjective_1,0.6688402034583801,-0.12090225563909773,0.09535695020125995,2,-0.20619689576721267,0.5443778981497784,0.00015427141241830422,0.4095338881015777
342,usual_1_adjective_1,0.7119202968792343,-0.24189044038668098,0.19695452131467298,1,-0.5478442248486601,0.3525871966866152,6.261604386389995e-05,0.4234644174575805
343,impose_1_verb_1,0.7186673179809573,-0.5636090225563909,0.12025052468099168,2,-0.1602485711313033,0.27215811485383146,6.261604386389994e-05,0.40820572
344,sigh_1_verb_1,0.6756132471615405,-0.007067669172932301,0.08141484884236522,2,0.12792640509304531,0.2501081588369889,0.00010889746758939121,0.4407439
345,plant_1_verb_2,0.6917513830671715,-0.044930886341632045,0.33364973380303187,4,0.5252151781566168,0.29503541333891015,6.533848055363473e-05,0.4859070479869842
346,town_1_noun_3,0.6257460277577154,0.3455639097744361,0.15222517483947698,3,0.14770135543515384,0.5830316587934155,0.00013521435559016073,0.3454961
347,possibly_1_adverb_2,0.7026706228816108,0.15142857142857138,0.07941097630587995,2,-0.8184658675369465,0.08061713319959107,4.99113393118043e-05,0.33341634
348,defend_1_verb_2,0.7276497654522709,-0.07578947368421055,0.2521743205601815,3,0.04864296778322963,0.007668528892263993,0.00010073015752018687,0.34378967
349,murder_1_verb_1,0.7727240437931436,0.36225563909774433,0.16983370440272813,4,0.3385777899570419,2.1241706627892496,8.802545296809122e-05,0.3743946850299835
350,breed_1_verb_1,0.7022610411081058,-0.044930886341632045,0.11595147023214686,2,0.6270161424369292,0.034622532039933596,2.1779493517878242e-05,0.44558403
351,passing_1_adjective_1,0.6462078451195392,-0.044930886341632045,0.30607840716701984,3,0.3018753789341746,0.012262624530670507,8.16731006920434e-06,0.3538546562194824
352,sorry_1_adjective_1,0.689934189225904,-0.18980785296574773,0.15673869320729095,3,-0.5292638853817073,0.8584784491261201,4.174402924259996e-05,0.25989053
353,past_1_adjective_1,0.6662692261393518,0.12962406015037592,0.28415199349128417,8,-0.3142045946378982,0.10118604359685612,0.00016788359586697812,0.42333493
354,large_1_adjective_1,0.7652931449174349,0.37460317460317455,0.1826138921347311,3,-0.0590009385708945,0.38998952144500976,0.00016516115917724334,0.460532009601593
355,hair_1_noun_1,0.67872062278654,0.1881370091896407,0.24074006191248734,3,0.8750262758464267,0.2582225702994023,9.347032634756078e-05,0.36349183
356,road_1_noun_2,0.6133140277999476,-0.044930886341632045,0.1672894412750225,2,0.33177368085236747,0.363168442915466,4.900386041522605e-05,0.3549254834651947
357,careful_1_adjective_1,0.6963661883408638,-0.25353383458646617,0.06721353830024507,2,-0.24980520525233185,0.09480551372699075,3.902159255286518e-05,0.290047
358,establish_1_verb_3,0.7609003643194595,0.07729323308270677,0.21057831262051327,4,-0.28636627604561493,0.44819437013998087,0.00016879107476349558,0.39103073
359,believe_1_verb_1,0.7730829998240059,0.044661654135338326,0.10533704326913391,3,-0.6236699028468777,0.41800710476542946,0.00023140711862744341,0.4546677
360,nurse_1_verb_2,0.7351089452120108,-0.044930886341632045,0.21206906502321943,4,0.5042691795262089,0.9044356687058777,2.903932469050432e-05,0.3362235426902771
361,beam_1_verb_3,0.7220467301202006,-0.027255639097744366,0.3119616757881897,5,0.3243653561039048,1.4660717315653615,8.893293186466949e-05,0.3609749376773834
362,forget_1_verb_1,0.676851026549183,0.14781954887218046,0.221194281470112,2,-0.06974623492524179,0.1332838973601893,0.00024592678097269563,0.4435987
363,temporary_1_adjective_1,0.6697967561132814,0.13517126148705094,0.19695452131467298,1,-0.36337701113728027,0.164541630786756,4.3558987035756485e-05,0.3396168053150177
364,speak_1_verb_1,0.7046245035442211,-0.08090225563909774,0.21436653218148416,4,0.29348014687981916,0.6206292932933453,0.00034484198069964343,0.44252178
365,mind_1_noun_3,0.6966371412194492,-0.044930886341632045,0.27793082799118923,7,-0.26004687396408865,0.6791600655734946,0.00035391676966550864,0.41428596
366,flow_1_verb_2,0.693727306154667,-0.044930886341632045,0.2241649037690657,4,0.4152806601774799,0.21439681403726318,0.00011252738317570426,0.4383436441421509
367,anger_1_noun_1,0.7525926665527857,-0.3360066833751045,0.11073813167019925,2,-0.40191491838233073,1.808406865194116,6.261604386389994e-05,0.31399107
368,weak_1_adjective_1,0.726091133619667,-0.6858813700918963,0.22647717917245325,3,6.2782855012599725e-06,0.7172960300298286,9.800772083045209e-05,0.3179593384265899
369,effect_1_noun_1,0.7045066636104271,-0.5586466165413533,0.31562827303688856,4,-0.27571627276051913,0.16901604472221265,0.00030945030373316515,0.4232867
370,mother_1_noun_1,0.7037189082774827,0.05096073517126151,0.10714645929317101,2,0.6044759589017716,0.9454870159715716,0.0002695212322836478,0.3898820281028747
371,approach_1_verb_2,0.7093902511428681,-0.04466165413533833,0.2570082681957892,5,-0.04151343063199864,0.6607820628912702,0.00019420048386767385,0.4575070142745971
372,rock_1_noun_2,0.7034830641730684,0.0007518796992481202,0.2465795987861831,5,1.0504409851610532,0.250648241015484,0.00010889746758939122,0.3465920090675354
373,avoid_1_verb_1,0.6889266829978273,-0.044930886341632045,0.2047378024736093,2,-0.20846826641560678,0.22493301954455625,0.00011434234096886075,0.39926404
374,awkward_1_adjective_1,0.7360137622118049,-0.044930886341632045,0.07848554648222039,3,-0.3468590806728278,0.5183987012768432,1.4519662345252163e-05,0.40062156
375,divide_1_verb_2,0.7032509517190326,0.0774436090225564,0.251620401853494,4,-0.08257397275042733,1.2713678398398351,7.532074841599559e-05,0.45679867
376,ever_1_adverb_1,0.705955721080441,-0.06766917293233081,0.21320933489796184,4,-0.8168612581936663,0.6439626865318315,0.0003167101349057347,0.44713143
377,prison_1_noun_1,0.716427331750079,0.2681203007518797,0.19056170639848014,2,0.1355324854091826,0.6235873741000981,6.352352276047821e-05,0.302604079246521
378,keep_1_verb_1,0.768547609716975,-0.13278195488721806,0.20463374255360126,6,-0.07381264233845242,0.4562998302451593,0.00014247418676278681,0.48212805
379,smile_1_noun_1,0.7109322655419448,0.20526315789473681,0.08182581796914784,2,0.4583815188016773,1.5160133097213802,0.00016788359586697812,0.3428973
380,hot_1_adjective_6,0.6989888816696633,-0.044930886341632045,0.18880319527629982,5,0.4372577633421786,0.2254507189750523,4.08365503460217e-05,0.3927173018455505
381,look_1_noun_2,0.7211345099914344,-0.170375939849624,0.29054951389373257,6,0.009088533421075073,0.8386235789052368,0.00014428914455594336,0.4223770201206207
382,neck_1_noun_2,0.6224753648551404,-0.044930886341632045,0.0964969851291268,2,0.8450396267374343,0.1966480954575438,4.900386041522605e-05,0.4130488336086273
383,fear_1_noun_1,0.773059812106171,-0.4906015037593985,0.07381875554532141,2,-0.5300533615663721,1.339920966577007,0.0004609992794617,0.36471948
384,door_1_noun_1,0.6733843690589809,0.6021052631578947,0.19695452131467298,1,0.8847457818976698,0.09713718603596,0.0001533639335217,0.3672095537185669
385,join_1_verb_1,0.6947618984987975,-0.015187969924812028,0.15241398547201662,2,0.326197042236525,0.4106157370915362,0.00015971628579776955,0.4894583
386,dim_1_adjective_1,0.7507357796448401,-0.14302422723475353,0.14341320283133577,3,0.10114860110438695,0.3326528905327084,4.08365503460217e-05,0.3284226953983307
387,tend_2_verb_1,0.7361390762478189,0.21518796992481204,0.23853294578133372,2,0.5926028978293756,0.5619169502863439,9.891519972703036e-05,0.4801557
388,waste_1_noun_1,0.6855126986226754,-0.044930886341632045,0.25511025487366285,7,-0.0018827021642318087,1.4985779084991258,7.441326951941732e-05,0.4183870851993561
389,awake_1_adjective_1,0.7085372657477734,-0.044930886341632045,0.12023430123892548,2,0.39383028465776126,0.9539398286064893,4.718890262206952e-05,0.41210163
390,border_1_verb_2,0.6448106118702464,-0.23063909774436087,0.3015283282580987,4,0.18727051458375055,0.2086753552700058,2.26869724144565e-05,0.4030991494655609
391,bird_1_noun_1,0.7293739572175455,-0.05187969924812025,0.10020551308773862,2,0.9633210198354227,0.8535039686392327,0.00010254511531334338,0.3093952536582947
392,superior_1_noun_1,0.6829757066359171,-0.044930886341632045,0.23194262586017803,3,-0.0279333608137855,0.023598423324655116,9.256284745098254e-05,0.2991231381893158
393,loose_1_adjective_2,0.6981131211701905,-0.044930886341632045,0.26050804277589823,6,0.008646095525358444,0.09114891413315451,5.354125489811734e-05,0.2789517343044281
394,brass_1_noun_1,0.7276502628670578,0.18105263157894735,0.14353613402757803,2,0.8886205196787458,0.8673248703397807,1.088974675893912e-05,0.3181733787059784
395,voice_1_noun_1,0.7295829165720826,-0.01924812030075187,0.21168753298710483,4,0.4008085378810917,0.7670443650553178,0.0001960154416608782,0.3742534518241882
396,else_1_adverb_1,0.6766851270944138,0.5827067669172932,0.22413869032749598,3,-0.2600205306744652,0.5254499505328756,0.0001343068766935825,0.47348875
397,heat_1_noun_2,0.7195450363138548,-0.044930886341632045,0.14893764837530918,3,0.30657437404806576,0.502268759758314,2.903932469050432e-05,0.4066630005836487
398,pay_1_verb_2,0.6424490321481692,0.07323308270676691,0.29140712418783465,5,0.13311546542167285,0.2462431130730547,0.00020872014621293035,0.3998599052429199
399,trick_1_noun_1,0.7316926494718158,0.09338345864661654,0.11096154829464477,4,0.06085496206615382,0.28296210313400216,3.3576719173395625e-05,0.3445091545581817
400,race_1_noun_2,0.6592235730438363,-0.044930886341632045,0.36255361850763623,4,0.5825701915063926,0.028298151022275064,9.347032634756079e-05,0.3599258959293365
401,face_1_noun_2,0.6342180860453306,0.13784461152882202,0.3059142347571376,5,0.6271304796955945,0.45931953354334176,9.982267862360861e-05,0.4317002
402,apply_1_verb_1,0.659804503704029,-0.13316624895572263,0.3029776400999491,4,-0.1798987889867627,0.08222892037725416,0.00012341712993464335,0.41858324
403,ash_1_noun_1,0.7132770441669494,0.17518796992481203,0.11256907680305728,2,0.7818286022223022,0.9725863524259992,2.359445131103476e-05,0.30932215
404,slow_1_adjective_4,0.7604584016857325,0.14369256474519634,0.09872789056282572,4,-0.06830296744517828,0.23886374928088028,4.718890262206952e-05,0.3611887395381927
405,lift_1_verb_1,0.7594477400905951,0.037443609022556376,0.22363738340374623,5,0.4920728922084825,0.7242368636980148,6.987587503652603e-05,0.4562303721904754
406,trade_1_noun_1,0.7276637940722505,0.11458646616541353,0.1997037562506232,4,0.07158270208267759,0.12774159001481245,9.982267862360861e-05,0.3356185853481293
407,devote_1_verb_1,0.6777209324643274,-0.1730994152046783,0.24387347038284035,2,-0.2631160852698722,0.1957532727975151,6.170856496732169e-05,0.40041688
408,lie_1_verb_3,0.6513322065812465,-0.3545530492898914,0.44640807190508086,8,0.09234795800416995,0.2651789720437421,0.0002432043442829737,0.41541314
409,task_1_noun_1,0.6782873311445398,0.40284043441938183,0.19695452131467298,1,-0.0035821282372259233,0.42016720508375993,8.348805848519993e-05,0.366690844297409
410,rotten_1_adjective_1,0.6795581707236698,0.4526315789473684,0.10820853787215223,2,0.013007949657096507,1.809364453711079,8.16731006920434e-06,0.3694159
411,lady_1_noun_4,0.5910257952954594,-0.044930886341632045,0.26853920541015475,4,0.670877460115304,0.874228976674809,0.0005771565782235608,0.51179093
412,loss_1_noun_1,0.7132527823396017,0.3463157894736842,0.153688149699496,2,-0.07874082517708958,0.9594831225988179,9.074788965782601e-05,0.39590698
